path,label,label_idx,duration_s,sample_rate,n_windows_train,split
../../Data/downloads/mendeley_vocalization/Chicken_Audio_Dataset/Healthy/1.wav,healthy,0,14.51,48000,6,test
../../Data/downloads/mendeley_vocalization/Chicken_Audio_Dataset/Healthy/10.wav,healthy,0,37.90,48000,17,train
../../Data/downloads/mendeley_vocalization/Chicken_Audio_Dataset/Healthy/100.wav,healthy,0,34.75,48000,16,test
../../Data/downloads/mendeley_vocalization/Chicken_Audio_Dataset/Healthy/101.wav,healthy,0,10.58,48000,4,val
../../Data/downloads/mendeley_vocalization/Chicken_Audio_Dataset/Healthy/102.wav,healthy,0,12.84,48000,5,test
../../Data/downloads/mendeley_vocalization/Chicken_Audio_Dataset/Healthy/103.wav,healthy,0,6.80,48000,2,train
../../Data/downloads/mendeley_vocalization/Chicken_Audio_Dataset/Healthy/104.wav,healthy,0,19.64,48000,8,train
../../Data/downloads/mendeley_vocalization/Chicken_Audio_Dataset/Healthy/105.wav,healthy,0,59.68,48000,20,train
../../Data/downloads/mendeley_vocalization/Chicken_Audio_Dataset/Healthy/106.wav,healthy,0,24.93,48000,11,train
../../Data/downloads/mendeley_vocalization/Chicken_Audio_Dataset/Healthy/107.wav,healthy,0,9.82,48000,3,train
../../Data/downloads/mendeley_vocalization/Chicken_Audio_Dataset/Healthy/108.wav,healthy,0,21.17,48000,9,train
../../Data/downloads/mendeley_vocalization/Chicken_Audio_Dataset/Healthy/109.wav,healthy,0,14.36,48000,6,train
../../Data/downloads/mendeley_vocalization/Chicken_Audio_Dataset/Healthy/11.wav,healthy,0,20.75,48000,9,val
../../Data/downloads/mendeley_vocalization/Chicken_Audio_Dataset/Healthy/110.wav,healthy,0,11.34,48000,4,val
../../Data/downloads/mendeley_vocalization/Chicken_Audio_Dataset/Healthy/111.wav,healthy,0,34.78,48000,16,train
../../Data/downloads/mendeley_vocalization/Chicken_Audio_Dataset/Healthy/112.wav,healthy,0,8.32,48000,3,train
../../Data/downloads/mendeley_vocalization/Chicken_Audio_Dataset/Healthy/113.wav,healthy,0,9.07,48000,3,train
../../Data/downloads/mendeley_vocalization/Chicken_Audio_Dataset/Healthy/114.wav,healthy,0,12.10,48000,5,train
../../Data/downloads/mendeley_vocalization/Chicken_Audio_Dataset/Healthy/115.wav,healthy,0,16.63,48000,7,val
../../Data/downloads/mendeley_vocalization/Chicken_Audio_Dataset/Healthy/116.wav,healthy,0,29.49,48000,13,train
../../Data/downloads/mendeley_vocalization/Chicken_Audio_Dataset/Healthy/117.wav,healthy,0,9.83,48000,3,test
../../Data/downloads/mendeley_vocalization/Chicken_Audio_Dataset/Healthy/118.wav,healthy,0,11.34,48000,4,train
../../Data/downloads/mendeley_vocalization/Chicken_Audio_Dataset/Healthy/119.wav,healthy,0,21.92,48000,9,train
../../Data/downloads/mendeley_vocalization/Chicken_Audio_Dataset/Healthy/12.wav,healthy,0,18.27,48000,8,train
../../Data/downloads/mendeley_vocalization/Chicken_Audio_Dataset/Healthy/120.wav,healthy,0,20.41,48000,9,test
../../Data/downloads/mendeley_vocalization/Chicken_Audio_Dataset/Healthy/121.wav,healthy,0,64.26,48000,20,test
../../Data/downloads/mendeley_vocalization/Chicken_Audio_Dataset/Healthy/122.wav,healthy,0,20.41,48000,9,train
../../Data/downloads/mendeley_vocalization/Chicken_Audio_Dataset/Healthy/123.wav,healthy,0,324.53,48000,20,train
../../Data/downloads/mendeley_vocalization/Chicken_Audio_Dataset/Healthy/124.wav,healthy,0,906.20,48000,20,test
../../Data/downloads/mendeley_vocalization/Chicken_Audio_Dataset/Healthy/125.wav,healthy,0,12.30,48000,5,train
../../Data/downloads/mendeley_vocalization/Chicken_Audio_Dataset/Healthy/126.wav,healthy,0,12.30,48000,5,train
../../Data/downloads/mendeley_vocalization/Chicken_Audio_Dataset/Healthy/127.wav,healthy,0,9.66,48000,3,train
../../Data/downloads/mendeley_vocalization/Chicken_Audio_Dataset/Healthy/128.wav,healthy,0,14.94,48000,6,train
../../Data/downloads/mendeley_vocalization/Chicken_Audio_Dataset/Healthy/129.wav,healthy,0,14.06,48000,6,test
../../Data/downloads/mendeley_vocalization/Chicken_Audio_Dataset/Healthy/13.wav,healthy,0,11.87,48000,4,train
../../Data/downloads/mendeley_vocalization/Chicken_Audio_Dataset/Healthy/130.wav,healthy,0,24.79,48000,11,train
../../Data/downloads/mendeley_vocalization/Chicken_Audio_Dataset/Healthy/131.wav,healthy,0,20.36,48000,9,train
../../Data/downloads/mendeley_vocalization/Chicken_Audio_Dataset/Healthy/132.wav,healthy,0,53.12,48000,20,val
../../Data/downloads/mendeley_vocalization/Chicken_Audio_Dataset/Healthy/133.wav,healthy,0,11.51,48000,4,train
../../Data/downloads/mendeley_vocalization/Chicken_Audio_Dataset/Healthy/134.wav,healthy,0,39.82,48000,18,train
../../Data/downloads/mendeley_vocalization/Chicken_Audio_Dataset/Healthy/135.wav,healthy,0,36.41,48000,17,train
../../Data/downloads/mendeley_vocalization/Chicken_Audio_Dataset/Healthy/136.wav,healthy,0,64.86,48000,20,train
../../Data/downloads/mendeley_vocalization/Chicken_Audio_Dataset/Healthy/137.wav,healthy,0,13.65,48000,5,train
../../Data/downloads/mendeley_vocalization/Chicken_Audio_Dataset/Healthy/138.wav,healthy,0,45.51,48000,20,train
../../Data/downloads/mendeley_vocalization/Chicken_Audio_Dataset/Healthy/139.wav,healthy,0,21.56,48000,9,train
../../Data/downloads/mendeley_vocalization/Chicken_Audio_Dataset/Healthy/14.wav,healthy,0,17.36,48000,7,train
../../Data/downloads/mendeley_vocalization/Chicken_Audio_Dataset/Healthy/15.wav,healthy,0,13.70,48000,5,val
../../Data/downloads/mendeley_vocalization/Chicken_Audio_Dataset/Healthy/16.wav,healthy,0,11.87,48000,4,train
../../Data/downloads/mendeley_vocalization/Chicken_Audio_Dataset/Healthy/17.wav,healthy,0,11.87,48000,4,train
../../Data/downloads/mendeley_vocalization/Chicken_Audio_Dataset/Healthy/18.wav,healthy,0,12.79,48000,5,train
../../Data/downloads/mendeley_vocalization/Chicken_Audio_Dataset/Healthy/19.wav,healthy,0,14.61,48000,6,val
../../Data/downloads/mendeley_vocalization/Chicken_Audio_Dataset/Healthy/2.wav,healthy,0,27.07,48000,12,train
../../Data/downloads/mendeley_vocalization/Chicken_Audio_Dataset/Healthy/20.wav,healthy,0,23.75,48000,10,val
../../Data/downloads/mendeley_vocalization/Chicken_Audio_Dataset/Healthy/21.wav,healthy,0,34.71,48000,16,train
../../Data/downloads/mendeley_vocalization/Chicken_Audio_Dataset/Healthy/22.wav,healthy,0,17.36,48000,7,train
../../Data/downloads/mendeley_vocalization/Chicken_Audio_Dataset/Healthy/23.wav,healthy,0,19.18,48000,8,train
../../Data/downloads/mendeley_vocalization/Chicken_Audio_Dataset/Healthy/24.wav,healthy,0,10.96,48000,4,train
../../Data/downloads/mendeley_vocalization/Chicken_Audio_Dataset/Healthy/25.wav,healthy,0,32.88,48000,15,train
../../Data/downloads/mendeley_vocalization/Chicken_Audio_Dataset/Healthy/26.wav,healthy,0,25.58,48000,11,train
../../Data/downloads/mendeley_vocalization/Chicken_Audio_Dataset/Healthy/27.wav,healthy,0,17.36,48000,7,test
../../Data/downloads/mendeley_vocalization/Chicken_Audio_Dataset/Healthy/28.wav,healthy,0,25.58,48000,11,train
../../Data/downloads/mendeley_vocalization/Chicken_Audio_Dataset/Healthy/29.wav,healthy,0,39.28,48000,18,train
../../Data/downloads/mendeley_vocalization/Chicken_Audio_Dataset/Healthy/3.wav,healthy,0,27.97,48000,12,train
../../Data/downloads/mendeley_vocalization/Chicken_Audio_Dataset/Healthy/30.wav,healthy,0,11.87,48000,4,train
../../Data/downloads/mendeley_vocalization/Chicken_Audio_Dataset/Healthy/31.wav,healthy,0,27.40,48000,12,train
../../Data/downloads/mendeley_vocalization/Chicken_Audio_Dataset/Healthy/32.wav,healthy,0,59.37,48000,20,train
../../Data/downloads/mendeley_vocalization/Chicken_Audio_Dataset/Healthy/33.wav,healthy,0,9.31,48000,3,train
../../Data/downloads/mendeley_vocalization/Chicken_Audio_Dataset/Healthy/34.wav,healthy,0,69.87,48000,20,train
../../Data/downloads/mendeley_vocalization/Chicken_Audio_Dataset/Healthy/35.wav,healthy,0,32.66,48000,15,test
../../Data/downloads/mendeley_vocalization/Chicken_Audio_Dataset/Healthy/36.wav,healthy,0,27.34,48000,12,train
../../Data/downloads/mendeley_vocalization/Chicken_Audio_Dataset/Healthy/37.wav,healthy,0,34.93,48000,16,train
../../Data/downloads/mendeley_vocalization/Chicken_Audio_Dataset/Healthy/38.wav,healthy,0,15.19,48000,6,val
../../Data/downloads/mendeley_vocalization/Chicken_Audio_Dataset/Healthy/39.wav,healthy,0,24.30,48000,11,test
../../Data/downloads/mendeley_vocalization/Chicken_Audio_Dataset/Healthy/4.wav,healthy,0,20.75,48000,9,train
../../Data/downloads/mendeley_vocalization/Chicken_Audio_Dataset/Healthy/40.wav,healthy,0,9.87,48000,3,train
../../Data/downloads/mendeley_vocalization/Chicken_Audio_Dataset/Healthy/41.wav,healthy,0,10.63,48000,4,test
../../Data/downloads/mendeley_vocalization/Chicken_Audio_Dataset/Healthy/42.wav,healthy,0,15.95,48000,6,train
../../Data/downloads/mendeley_vocalization/Chicken_Audio_Dataset/Healthy/43.wav,healthy,0,41.01,48000,19,train
../../Data/downloads/mendeley_vocalization/Chicken_Audio_Dataset/Healthy/44.wav,healthy,0,13.67,48000,5,train
../../Data/downloads/mendeley_vocalization/Chicken_Audio_Dataset/Healthy/45.wav,healthy,0,44.05,48000,20,test
../../Data/downloads/mendeley_vocalization/Chicken_Audio_Dataset/Healthy/46.wav,healthy,0,12.91,48000,5,train
../../Data/downloads/mendeley_vocalization/Chicken_Audio_Dataset/Healthy/47.wav,healthy,0,35.69,48000,16,test
../../Data/downloads/mendeley_vocalization/Chicken_Audio_Dataset/Healthy/48.wav,healthy,0,21.26,48000,9,test
../../Data/downloads/mendeley_vocalization/Chicken_Audio_Dataset/Healthy/49.wav,healthy,0,28.10,48000,13,train
../../Data/downloads/mendeley_vocalization/Chicken_Audio_Dataset/Healthy/5.wav,healthy,0,24.36,48000,11,train
../../Data/downloads/mendeley_vocalization/Chicken_Audio_Dataset/Healthy/50.wav,healthy,0,85.06,48000,20,train
../../Data/downloads/mendeley_vocalization/Chicken_Audio_Dataset/Healthy/51.wav,healthy,0,26.58,48000,12,val
../../Data/downloads/mendeley_vocalization/Chicken_Audio_Dataset/Healthy/52.wav,healthy,0,20.50,48000,9,train
../../Data/downloads/mendeley_vocalization/Chicken_Audio_Dataset/Healthy/53.wav,healthy,0,31.14,48000,14,val
../../Data/downloads/mendeley_vocalization/Chicken_Audio_Dataset/Healthy/54.wav,healthy,0,10.63,48000,4,test
../../Data/downloads/mendeley_vocalization/Chicken_Audio_Dataset/Healthy/55.wav,healthy,0,88.76,48000,20,train
../../Data/downloads/mendeley_vocalization/Chicken_Audio_Dataset/Healthy/56.wav,healthy,0,49.31,48000,20,train
../../Data/downloads/mendeley_vocalization/Chicken_Audio_Dataset/Healthy/57.wav,healthy,0,22.76,48000,10,train
../../Data/downloads/mendeley_vocalization/Chicken_Audio_Dataset/Healthy/58.wav,healthy,0,37.93,48000,17,val
../../Data/downloads/mendeley_vocalization/Chicken_Audio_Dataset/Healthy/59.wav,healthy,0,24.28,48000,11,train
../../Data/downloads/mendeley_vocalization/Chicken_Audio_Dataset/Healthy/6.wav,healthy,0,35.19,48000,16,test
../../Data/downloads/mendeley_vocalization/Chicken_Audio_Dataset/Healthy/60.wav,healthy,0,25.79,48000,11,val
../../Data/downloads/mendeley_vocalization/Chicken_Audio_Dataset/Healthy/61.wav,healthy,0,64.49,48000,20,train
../../Data/downloads/mendeley_vocalization/Chicken_Audio_Dataset/Healthy/62.wav,healthy,0,21.24,48000,9,train
../../Data/downloads/mendeley_vocalization/Chicken_Audio_Dataset/Healthy/63.wav,healthy,0,21.24,48000,9,train
../../Data/downloads/mendeley_vocalization/Chicken_Audio_Dataset/Healthy/64.wav,healthy,0,7.59,48000,2,train
../../Data/downloads/mendeley_vocalization/Chicken_Audio_Dataset/Healthy/65.wav,healthy,0,34.14,48000,16,val
../../Data/downloads/mendeley_vocalization/Chicken_Audio_Dataset/Healthy/66.wav,healthy,0,18.97,48000,8,train
../../Data/downloads/mendeley_vocalization/Chicken_Audio_Dataset/Healthy/67.wav,healthy,0,17.45,48000,7,val
../../Data/downloads/mendeley_vocalization/Chicken_Audio_Dataset/Healthy/68.wav,healthy,0,9.10,48000,3,test
../../Data/downloads/mendeley_vocalization/Chicken_Audio_Dataset/Healthy/69.wav,healthy,0,11.38,48000,4,train
../../Data/downloads/mendeley_vocalization/Chicken_Audio_Dataset/Healthy/7.wav,healthy,0,7.22,48000,2,train
../../Data/downloads/mendeley_vocalization/Chicken_Audio_Dataset/Healthy/70.wav,healthy,0,22.00,48000,10,train
../../Data/downloads/mendeley_vocalization/Chicken_Audio_Dataset/Healthy/71.wav,healthy,0,90.52,48000,20,train
../../Data/downloads/mendeley_vocalization/Chicken_Audio_Dataset/Healthy/72.wav,healthy,0,15.21,48000,6,train
../../Data/downloads/mendeley_vocalization/Chicken_Audio_Dataset/Healthy/73.wav,healthy,0,24.34,48000,11,train
../../Data/downloads/mendeley_vocalization/Chicken_Audio_Dataset/Healthy/74.wav,healthy,0,15.21,48000,6,val
../../Data/downloads/mendeley_vocalization/Chicken_Audio_Dataset/Healthy/75.wav,healthy,0,31.95,48000,14,train
../../Data/downloads/mendeley_vocalization/Chicken_Audio_Dataset/Healthy/76.wav,healthy,0,19.02,48000,8,train
../../Data/downloads/mendeley_vocalization/Chicken_Audio_Dataset/Healthy/77.wav,healthy,0,15.97,48000,6,train
../../Data/downloads/mendeley_vocalization/Chicken_Audio_Dataset/Healthy/78.wav,healthy,0,11.41,48000,4,train
../../Data/downloads/mendeley_vocalization/Chicken_Audio_Dataset/Healthy/79.wav,healthy,0,6.85,48000,2,test
../../Data/downloads/mendeley_vocalization/Chicken_Audio_Dataset/Healthy/8.wav,healthy,0,25.27,48000,11,val
../../Data/downloads/mendeley_vocalization/Chicken_Audio_Dataset/Healthy/80.wav,healthy,0,6.09,48000,2,val
../../Data/downloads/mendeley_vocalization/Chicken_Audio_Dataset/Healthy/81.wav,healthy,0,14.45,48000,6,train
../../Data/downloads/mendeley_vocalization/Chicken_Audio_Dataset/Healthy/82.wav,healthy,0,12.93,48000,5,val
../../Data/downloads/mendeley_vocalization/Chicken_Audio_Dataset/Healthy/83.wav,healthy,0,11.41,48000,4,train
../../Data/downloads/mendeley_vocalization/Chicken_Audio_Dataset/Healthy/84.wav,healthy,0,25.86,48000,11,train
../../Data/downloads/mendeley_vocalization/Chicken_Audio_Dataset/Healthy/85.wav,healthy,0,35.75,48000,16,test
../../Data/downloads/mendeley_vocalization/Chicken_Audio_Dataset/Healthy/86.wav,healthy,0,16.73,48000,7,test
../../Data/downloads/mendeley_vocalization/Chicken_Audio_Dataset/Healthy/87.wav,healthy,0,9.89,48000,3,train
../../Data/downloads/mendeley_vocalization/Chicken_Audio_Dataset/Healthy/88.wav,healthy,0,41.55,48000,19,train
../../Data/downloads/mendeley_vocalization/Chicken_Audio_Dataset/Healthy/89.wav,healthy,0,27.95,48000,12,train
../../Data/downloads/mendeley_vocalization/Chicken_Audio_Dataset/Healthy/9.wav,healthy,0,15.34,48000,6,train
../../Data/downloads/mendeley_vocalization/Chicken_Audio_Dataset/Healthy/90.wav,healthy,0,23.42,48000,10,train
../../Data/downloads/mendeley_vocalization/Chicken_Audio_Dataset/Healthy/91.wav,healthy,0,23.42,48000,10,train
../../Data/downloads/mendeley_vocalization/Chicken_Audio_Dataset/Healthy/92.wav,healthy,0,8.31,48000,3,val
../../Data/downloads/mendeley_vocalization/Chicken_Audio_Dataset/Healthy/93.wav,healthy,0,40.04,48000,19,val
../../Data/downloads/mendeley_vocalization/Chicken_Audio_Dataset/Healthy/94.wav,healthy,0,66.47,48000,20,train
../../Data/downloads/mendeley_vocalization/Chicken_Audio_Dataset/Healthy/95.wav,healthy,0,38.52,48000,18,train
../../Data/downloads/mendeley_vocalization/Chicken_Audio_Dataset/Healthy/96.wav,healthy,0,9.06,48000,3,train
../../Data/downloads/mendeley_vocalization/Chicken_Audio_Dataset/Healthy/97.wav,healthy,0,46.83,48000,20,train
../../Data/downloads/mendeley_vocalization/Chicken_Audio_Dataset/Healthy/98.wav,healthy,0,15.86,48000,6,train
../../Data/downloads/mendeley_vocalization/Chicken_Audio_Dataset/Healthy/99.wav,healthy,0,27.95,48000,12,train
../../Data/downloads/mendeley_vocalization/Chicken_Audio_Dataset/Unhealthy/1.wav,unhealthy,1,22.60,48000,10,train
../../Data/downloads/mendeley_vocalization/Chicken_Audio_Dataset/Unhealthy/10.wav,unhealthy,1,22.60,48000,10,train
../../Data/downloads/mendeley_vocalization/Chicken_Audio_Dataset/Unhealthy/100.wav,unhealthy,1,1.18,48000,1,train
../../Data/downloads/mendeley_vocalization/Chicken_Audio_Dataset/Unhealthy/101.wav,unhealthy,1,0.54,48000,1,val
../../Data/downloads/mendeley_vocalization/Chicken_Audio_Dataset/Unhealthy/102.wav,unhealthy,1,0.60,48000,1,train
../../Data/downloads/mendeley_vocalization/Chicken_Audio_Dataset/Unhealthy/103.wav,unhealthy,1,0.92,48000,1,train
../../Data/downloads/mendeley_vocalization/Chicken_Audio_Dataset/Unhealthy/104.wav,unhealthy,1,0.90,48000,1,train
../../Data/downloads/mendeley_vocalization/Chicken_Audio_Dataset/Unhealthy/105.wav,unhealthy,1,0.75,48000,1,train
../../Data/downloads/mendeley_vocalization/Chicken_Audio_Dataset/Unhealthy/106.wav,unhealthy,1,0.82,48000,1,train
../../Data/downloads/mendeley_vocalization/Chicken_Audio_Dataset/Unhealthy/107.wav,unhealthy,1,1.01,48000,1,train
../../Data/downloads/mendeley_vocalization/Chicken_Audio_Dataset/Unhealthy/108.wav,unhealthy,1,0.91,48000,1,test
../../Data/downloads/mendeley_vocalization/Chicken_Audio_Dataset/Unhealthy/109.wav,unhealthy,1,0.88,48000,1,train
../../Data/downloads/mendeley_vocalization/Chicken_Audio_Dataset/Unhealthy/11.wav,unhealthy,1,12.05,48000,5,test
../../Data/downloads/mendeley_vocalization/Chicken_Audio_Dataset/Unhealthy/110.wav,unhealthy,1,0.76,48000,1,train
../../Data/downloads/mendeley_vocalization/Chicken_Audio_Dataset/Unhealthy/111.wav,unhealthy,1,1.28,48000,1,train
../../Data/downloads/mendeley_vocalization/Chicken_Audio_Dataset/Unhealthy/112.wav,unhealthy,1,0.51,48000,1,test
../../Data/downloads/mendeley_vocalization/Chicken_Audio_Dataset/Unhealthy/113.wav,unhealthy,1,0.70,48000,1,test
../../Data/downloads/mendeley_vocalization/Chicken_Audio_Dataset/Unhealthy/114.wav,unhealthy,1,0.60,48000,1,val
../../Data/downloads/mendeley_vocalization/Chicken_Audio_Dataset/Unhealthy/115.wav,unhealthy,1,0.57,48000,1,train
../../Data/downloads/mendeley_vocalization/Chicken_Audio_Dataset/Unhealthy/116.wav,unhealthy,1,1.06,48000,1,val
../../Data/downloads/mendeley_vocalization/Chicken_Audio_Dataset/Unhealthy/117.wav,unhealthy,1,0.84,48000,1,train
../../Data/downloads/mendeley_vocalization/Chicken_Audio_Dataset/Unhealthy/118.wav,unhealthy,1,1.10,48000,1,train
../../Data/downloads/mendeley_vocalization/Chicken_Audio_Dataset/Unhealthy/119.wav,unhealthy,1,0.82,48000,1,test
../../Data/downloads/mendeley_vocalization/Chicken_Audio_Dataset/Unhealthy/12.wav,unhealthy,1,63.28,48000,20,train
../../Data/downloads/mendeley_vocalization/Chicken_Audio_Dataset/Unhealthy/120.wav,unhealthy,1,0.81,48000,1,test
../../Data/downloads/mendeley_vocalization/Chicken_Audio_Dataset/Unhealthy/121.wav,unhealthy,1,1.33,48000,1,train
../../Data/downloads/mendeley_vocalization/Chicken_Audio_Dataset/Unhealthy/13.wav,unhealthy,1,34.66,48000,16,val
../../Data/downloads/mendeley_vocalization/Chicken_Audio_Dataset/Unhealthy/14.wav,unhealthy,1,37.67,48000,17,train
../../Data/downloads/mendeley_vocalization/Chicken_Audio_Dataset/Unhealthy/15.wav,unhealthy,1,15.07,48000,6,train
../../Data/downloads/mendeley_vocalization/Chicken_Audio_Dataset/Unhealthy/16.wav,unhealthy,1,22.60,48000,10,train
../../Data/downloads/mendeley_vocalization/Chicken_Audio_Dataset/Unhealthy/17.wav,unhealthy,1,57.26,48000,20,train
../../Data/downloads/mendeley_vocalization/Chicken_Audio_Dataset/Unhealthy/18.wav,unhealthy,1,34.66,48000,16,train
../../Data/downloads/mendeley_vocalization/Chicken_Audio_Dataset/Unhealthy/19.wav,unhealthy,1,21.09,48000,9,train
../../Data/downloads/mendeley_vocalization/Chicken_Audio_Dataset/Unhealthy/2.wav,unhealthy,1,36.16,48000,17,train
../../Data/downloads/mendeley_vocalization/Chicken_Audio_Dataset/Unhealthy/20.wav,unhealthy,1,15.07,48000,6,train
../../Data/downloads/mendeley_vocalization/Chicken_Audio_Dataset/Unhealthy/21.wav,unhealthy,1,27.12,48000,12,val
../../Data/downloads/mendeley_vocalization/Chicken_Audio_Dataset/Unhealthy/22.wav,unhealthy,1,18.08,48000,8,val
../../Data/downloads/mendeley_vocalization/Chicken_Audio_Dataset/Unhealthy/23.wav,unhealthy,1,25.61,48000,11,train
../../Data/downloads/mendeley_vocalization/Chicken_Audio_Dataset/Unhealthy/24.wav,unhealthy,1,37.67,48000,17,test
../../Data/downloads/mendeley_vocalization/Chicken_Audio_Dataset/Unhealthy/25.wav,unhealthy,1,52.74,48000,20,train
../../Data/downloads/mendeley_vocalization/Chicken_Audio_Dataset/Unhealthy/26.wav,unhealthy,1,43.67,48000,20,val
../../Data/downloads/mendeley_vocalization/Chicken_Audio_Dataset/Unhealthy/27.wav,unhealthy,1,51.20,48000,20,train
../../Data/downloads/mendeley_vocalization/Chicken_Audio_Dataset/Unhealthy/28.wav,unhealthy,1,85.83,48000,20,test
../../Data/downloads/mendeley_vocalization/Chicken_Audio_Dataset/Unhealthy/29.wav,unhealthy,1,69.27,48000,20,train
../../Data/downloads/mendeley_vocalization/Chicken_Audio_Dataset/Unhealthy/3.wav,unhealthy,1,31.64,48000,14,test
../../Data/downloads/mendeley_vocalization/Chicken_Audio_Dataset/Unhealthy/30.wav,unhealthy,1,33.13,48000,15,train
../../Data/downloads/mendeley_vocalization/Chicken_Audio_Dataset/Unhealthy/31.wav,unhealthy,1,21.08,48000,9,test
../../Data/downloads/mendeley_vocalization/Chicken_Audio_Dataset/Unhealthy/32.wav,unhealthy,1,81.32,48000,20,train
../../Data/downloads/mendeley_vocalization/Chicken_Audio_Dataset/Unhealthy/33.wav,unhealthy,1,34.64,48000,16,train
../../Data/downloads/mendeley_vocalization/Chicken_Audio_Dataset/Unhealthy/34.wav,unhealthy,1,36.14,48000,17,val
../../Data/downloads/mendeley_vocalization/Chicken_Audio_Dataset/Unhealthy/35.wav,unhealthy,1,66.26,48000,20,val
../../Data/downloads/mendeley_vocalization/Chicken_Audio_Dataset/Unhealthy/36.wav,unhealthy,1,30.12,48000,14,train
../../Data/downloads/mendeley_vocalization/Chicken_Audio_Dataset/Unhealthy/37.wav,unhealthy,1,60.23,48000,20,train
../../Data/downloads/mendeley_vocalization/Chicken_Audio_Dataset/Unhealthy/38.wav,unhealthy,1,37.65,48000,17,test
../../Data/downloads/mendeley_vocalization/Chicken_Audio_Dataset/Unhealthy/39.wav,unhealthy,1,61.74,48000,20,val
../../Data/downloads/mendeley_vocalization/Chicken_Audio_Dataset/Unhealthy/4.wav,unhealthy,1,16.57,48000,7,train
../../Data/downloads/mendeley_vocalization/Chicken_Audio_Dataset/Unhealthy/40.wav,unhealthy,1,78.31,48000,20,train
../../Data/downloads/mendeley_vocalization/Chicken_Audio_Dataset/Unhealthy/41.wav,unhealthy,1,16.56,48000,7,train
../../Data/downloads/mendeley_vocalization/Chicken_Audio_Dataset/Unhealthy/42.wav,unhealthy,1,43.67,48000,20,train
../../Data/downloads/mendeley_vocalization/Chicken_Audio_Dataset/Unhealthy/43.wav,unhealthy,1,72.28,48000,20,train
../../Data/downloads/mendeley_vocalization/Chicken_Audio_Dataset/Unhealthy/44.wav,unhealthy,1,52.71,48000,20,train
../../Data/downloads/mendeley_vocalization/Chicken_Audio_Dataset/Unhealthy/45.wav,unhealthy,1,72.28,48000,20,val
../../Data/downloads/mendeley_vocalization/Chicken_Audio_Dataset/Unhealthy/46.wav,unhealthy,1,48.19,48000,20,train
../../Data/downloads/mendeley_vocalization/Chicken_Audio_Dataset/Unhealthy/47.wav,unhealthy,1,112.94,48000,20,train
../../Data/downloads/mendeley_vocalization/Chicken_Audio_Dataset/Unhealthy/48.wav,unhealthy,1,22.59,48000,10,train
../../Data/downloads/mendeley_vocalization/Chicken_Audio_Dataset/Unhealthy/49.wav,unhealthy,1,19.58,48000,8,test
../../Data/downloads/mendeley_vocalization/Chicken_Audio_Dataset/Unhealthy/5.wav,unhealthy,1,36.16,48000,17,train
../../Data/downloads/mendeley_vocalization/Chicken_Audio_Dataset/Unhealthy/50.wav,unhealthy,1,19.58,48000,8,train
../../Data/downloads/mendeley_vocalization/Chicken_Audio_Dataset/Unhealthy/51.wav,unhealthy,1,22.59,48000,10,train
../../Data/downloads/mendeley_vocalization/Chicken_Audio_Dataset/Unhealthy/52.wav,unhealthy,1,40.66,48000,19,train
../../Data/downloads/mendeley_vocalization/Chicken_Audio_Dataset/Unhealthy/53.wav,unhealthy,1,40.66,48000,19,train
../../Data/downloads/mendeley_vocalization/Chicken_Audio_Dataset/Unhealthy/54.wav,unhealthy,1,31.62,48000,14,train
../../Data/downloads/mendeley_vocalization/Chicken_Audio_Dataset/Unhealthy/55.wav,unhealthy,1,43.67,48000,20,train
../../Data/downloads/mendeley_vocalization/Chicken_Audio_Dataset/Unhealthy/56.wav,unhealthy,1,55.72,48000,20,train
../../Data/downloads/mendeley_vocalization/Chicken_Audio_Dataset/Unhealthy/57.wav,unhealthy,1,42.17,48000,20,train
../../Data/downloads/mendeley_vocalization/Chicken_Audio_Dataset/Unhealthy/58.wav,unhealthy,1,31.62,48000,14,train
../../Data/downloads/mendeley_vocalization/Chicken_Audio_Dataset/Unhealthy/59.wav,unhealthy,1,42.17,48000,20,train
../../Data/downloads/mendeley_vocalization/Chicken_Audio_Dataset/Unhealthy/6.wav,unhealthy,1,24.11,48000,11,train
../../Data/downloads/mendeley_vocalization/Chicken_Audio_Dataset/Unhealthy/60.wav,unhealthy,1,51.20,48000,20,test
../../Data/downloads/mendeley_vocalization/Chicken_Audio_Dataset/Unhealthy/61.wav,unhealthy,1,28.61,48000,13,train
../../Data/downloads/mendeley_vocalization/Chicken_Audio_Dataset/Unhealthy/62.wav,unhealthy,1,99.39,48000,20,val
../../Data/downloads/mendeley_vocalization/Chicken_Audio_Dataset/Unhealthy/63.wav,unhealthy,1,31.62,48000,14,train
../../Data/downloads/mendeley_vocalization/Chicken_Audio_Dataset/Unhealthy/64.wav,unhealthy,1,21.08,48000,9,train
../../Data/downloads/mendeley_vocalization/Chicken_Audio_Dataset/Unhealthy/65.wav,unhealthy,1,134.03,48000,20,train
../../Data/downloads/mendeley_vocalization/Chicken_Audio_Dataset/Unhealthy/66.wav,unhealthy,1,22.59,48000,10,test
../../Data/downloads/mendeley_vocalization/Chicken_Audio_Dataset/Unhealthy/67.wav,unhealthy,1,54.21,48000,20,train
../../Data/downloads/mendeley_vocalization/Chicken_Audio_Dataset/Unhealthy/68.wav,unhealthy,1,27.11,48000,12,test
../../Data/downloads/mendeley_vocalization/Chicken_Audio_Dataset/Unhealthy/69.wav,unhealthy,1,90.36,48000,20,val
../../Data/downloads/mendeley_vocalization/Chicken_Audio_Dataset/Unhealthy/7.wav,unhealthy,1,16.57,48000,7,val
../../Data/downloads/mendeley_vocalization/Chicken_Audio_Dataset/Unhealthy/70.wav,unhealthy,1,15.06,48000,6,train
../../Data/downloads/mendeley_vocalization/Chicken_Audio_Dataset/Unhealthy/71.wav,unhealthy,1,12.05,48000,5,train
../../Data/downloads/mendeley_vocalization/Chicken_Audio_Dataset/Unhealthy/72.wav,unhealthy,1,21.08,48000,9,train
../../Data/downloads/mendeley_vocalization/Chicken_Audio_Dataset/Unhealthy/73.wav,unhealthy,1,33.13,48000,15,test
../../Data/downloads/mendeley_vocalization/Chicken_Audio_Dataset/Unhealthy/74.wav,unhealthy,1,12.05,48000,5,train
../../Data/downloads/mendeley_vocalization/Chicken_Audio_Dataset/Unhealthy/75.wav,unhealthy,1,28.61,48000,13,train
../../Data/downloads/mendeley_vocalization/Chicken_Audio_Dataset/Unhealthy/76.wav,unhealthy,1,82.83,48000,20,test
../../Data/downloads/mendeley_vocalization/Chicken_Audio_Dataset/Unhealthy/77.wav,unhealthy,1,22.59,48000,10,train
../../Data/downloads/mendeley_vocalization/Chicken_Audio_Dataset/Unhealthy/78.wav,unhealthy,1,45.18,48000,20,train
../../Data/downloads/mendeley_vocalization/Chicken_Audio_Dataset/Unhealthy/79.wav,unhealthy,1,42.17,48000,20,val
../../Data/downloads/mendeley_vocalization/Chicken_Audio_Dataset/Unhealthy/8.wav,unhealthy,1,16.57,48000,7,train
../../Data/downloads/mendeley_vocalization/Chicken_Audio_Dataset/Unhealthy/80.wav,unhealthy,1,54.22,48000,20,test
../../Data/downloads/mendeley_vocalization/Chicken_Audio_Dataset/Unhealthy/81.wav,unhealthy,1,10.76,48000,4,train
../../Data/downloads/mendeley_vocalization/Chicken_Audio_Dataset/Unhealthy/82.wav,unhealthy,1,30.64,48000,14,train
../../Data/downloads/mendeley_vocalization/Chicken_Audio_Dataset/Unhealthy/83.wav,unhealthy,1,34.05,48000,16,val
../../Data/downloads/mendeley_vocalization/Chicken_Audio_Dataset/Unhealthy/84.wav,unhealthy,1,28.37,48000,13,train
../../Data/downloads/mendeley_vocalization/Chicken_Audio_Dataset/Unhealthy/85.wav,unhealthy,1,26.10,48000,12,train
../../Data/downloads/mendeley_vocalization/Chicken_Audio_Dataset/Unhealthy/86.wav,unhealthy,1,3.55,48000,1,train
../../Data/downloads/mendeley_vocalization/Chicken_Audio_Dataset/Unhealthy/87.wav,unhealthy,1,4.40,48000,1,train
../../Data/downloads/mendeley_vocalization/Chicken_Audio_Dataset/Unhealthy/88.wav,unhealthy,1,6.67,48000,2,train
../../Data/downloads/mendeley_vocalization/Chicken_Audio_Dataset/Unhealthy/89.wav,unhealthy,1,4.19,48000,1,train
../../Data/downloads/mendeley_vocalization/Chicken_Audio_Dataset/Unhealthy/9.wav,unhealthy,1,16.57,48000,7,val
../../Data/downloads/mendeley_vocalization/Chicken_Audio_Dataset/Unhealthy/90.wav,unhealthy,1,2.91,48000,1,train
../../Data/downloads/mendeley_vocalization/Chicken_Audio_Dataset/Unhealthy/91.wav,unhealthy,1,3.62,48000,1,train
../../Data/downloads/mendeley_vocalization/Chicken_Audio_Dataset/Unhealthy/92.wav,unhealthy,1,3.69,48000,1,train
../../Data/downloads/mendeley_vocalization/Chicken_Audio_Dataset/Unhealthy/93.wav,unhealthy,1,1.99,48000,1,train
../../Data/downloads/mendeley_vocalization/Chicken_Audio_Dataset/Unhealthy/94.wav,unhealthy,1,4.26,48000,1,train
../../Data/downloads/mendeley_vocalization/Chicken_Audio_Dataset/Unhealthy/95.wav,unhealthy,1,10.07,48000,4,train
../../Data/downloads/mendeley_vocalization/Chicken_Audio_Dataset/Unhealthy/96.wav,unhealthy,1,9.22,48000,3,val
../../Data/downloads/mendeley_vocalization/Chicken_Audio_Dataset/Unhealthy/97.wav,unhealthy,1,3.33,48000,1,train
../../Data/downloads/mendeley_vocalization/Chicken_Audio_Dataset/Unhealthy/98.wav,unhealthy,1,6.17,48000,2,train
../../Data/downloads/mendeley_vocalization/Chicken_Audio_Dataset/Unhealthy/99.wav,unhealthy,1,0.46,48000,1,train
../../Data/downloads/mendeley_vocalization/Chicken_Audio_Dataset/Noise/1.wav,noise,2,2.09,48000,1,test
../../Data/downloads/mendeley_vocalization/Chicken_Audio_Dataset/Noise/10.wav,noise,2,48.69,48000,20,train
../../Data/downloads/mendeley_vocalization/Chicken_Audio_Dataset/Noise/11.wav,noise,2,61.64,48000,20,train
../../Data/downloads/mendeley_vocalization/Chicken_Audio_Dataset/Noise/12.wav,noise,2,42.99,48000,20,train
../../Data/downloads/mendeley_vocalization/Chicken_Audio_Dataset/Noise/13.wav,noise,2,42.47,48000,20,train
../../Data/downloads/mendeley_vocalization/Chicken_Audio_Dataset/Noise/14.wav,noise,2,69.41,48000,20,train
../../Data/downloads/mendeley_vocalization/Chicken_Audio_Dataset/Noise/15.wav,noise,2,59.56,48000,20,train
../../Data/downloads/mendeley_vocalization/Chicken_Audio_Dataset/Noise/16.wav,noise,2,58.01,48000,20,test
../../Data/downloads/mendeley_vocalization/Chicken_Audio_Dataset/Noise/17.wav,noise,2,37.29,48000,17,train
../../Data/downloads/mendeley_vocalization/Chicken_Audio_Dataset/Noise/18.wav,noise,2,52.83,48000,20,train
../../Data/downloads/mendeley_vocalization/Chicken_Audio_Dataset/Noise/19.wav,noise,2,32.13,48000,15,train
../../Data/downloads/mendeley_vocalization/Chicken_Audio_Dataset/Noise/2.wav,noise,2,4.70,48000,1,train
../../Data/downloads/mendeley_vocalization/Chicken_Audio_Dataset/Noise/20.wav,noise,2,67.37,48000,20,train
../../Data/downloads/mendeley_vocalization/Chicken_Audio_Dataset/Noise/21.wav,noise,2,30.57,48000,14,test
../../Data/downloads/mendeley_vocalization/Chicken_Audio_Dataset/Noise/22.wav,noise,2,35.76,48000,16,train
../../Data/downloads/mendeley_vocalization/Chicken_Audio_Dataset/Noise/23.wav,noise,2,41.46,48000,19,train
../../Data/downloads/mendeley_vocalization/Chicken_Audio_Dataset/Noise/24.wav,noise,2,27.46,48000,12,train
../../Data/downloads/mendeley_vocalization/Chicken_Audio_Dataset/Noise/25.wav,noise,2,23.32,48000,10,val
../../Data/downloads/mendeley_vocalization/Chicken_Audio_Dataset/Noise/26.wav,noise,2,26.43,48000,12,train
../../Data/downloads/mendeley_vocalization/Chicken_Audio_Dataset/Noise/27.wav,noise,2,36.27,48000,17,train
../../Data/downloads/mendeley_vocalization/Chicken_Audio_Dataset/Noise/28.wav,noise,2,38.62,48000,18,train
../../Data/downloads/mendeley_vocalization/Chicken_Audio_Dataset/Noise/29.wav,noise,2,7.72,48000,2,train
../../Data/downloads/mendeley_vocalization/Chicken_Audio_Dataset/Noise/3.wav,noise,2,4.93,48000,1,train
../../Data/downloads/mendeley_vocalization/Chicken_Audio_Dataset/Noise/30.wav,noise,2,13.39,48000,5,train
../../Data/downloads/mendeley_vocalization/Chicken_Audio_Dataset/Noise/31.wav,noise,2,9.78,48000,3,train
../../Data/downloads/mendeley_vocalization/Chicken_Audio_Dataset/Noise/32.wav,noise,2,19.05,48000,8,test
../../Data/downloads/mendeley_vocalization/Chicken_Audio_Dataset/Noise/33.wav,noise,2,4.63,48000,1,test
../../Data/downloads/mendeley_vocalization/Chicken_Audio_Dataset/Noise/34.wav,noise,2,28.92,48000,13,train
../../Data/downloads/mendeley_vocalization/Chicken_Audio_Dataset/Noise/35.wav,noise,2,86.49,48000,20,test
../../Data/downloads/mendeley_vocalization/Chicken_Audio_Dataset/Noise/36.wav,noise,2,14.20,48000,6,train
../../Data/downloads/mendeley_vocalization/Chicken_Audio_Dataset/Noise/37.wav,noise,2,20.18,48000,9,train
../../Data/downloads/mendeley_vocalization/Chicken_Audio_Dataset/Noise/38.wav,noise,2,19.66,48000,8,train
../../Data/downloads/mendeley_vocalization/Chicken_Audio_Dataset/Noise/39.wav,noise,2,82.26,48000,20,train
../../Data/downloads/mendeley_vocalization/Chicken_Audio_Dataset/Noise/4.wav,noise,2,1.69,48000,1,train
../../Data/downloads/mendeley_vocalization/Chicken_Audio_Dataset/Noise/40.wav,noise,2,34.56,48000,16,train
../../Data/downloads/mendeley_vocalization/Chicken_Audio_Dataset/Noise/41.wav,noise,2,64.21,48000,20,test
../../Data/downloads/mendeley_vocalization/Chicken_Audio_Dataset/Noise/42.wav,noise,2,41.52,48000,19,train
../../Data/downloads/mendeley_vocalization/Chicken_Audio_Dataset/Noise/43.wav,noise,2,29.66,48000,13,val
../../Data/downloads/mendeley_vocalization/Chicken_Audio_Dataset/Noise/44.wav,noise,2,55.96,48000,20,train
../../Data/downloads/mendeley_vocalization/Chicken_Audio_Dataset/Noise/45.wav,noise,2,52.35,48000,20,val
../../Data/downloads/mendeley_vocalization/Chicken_Audio_Dataset/Noise/46.wav,noise,2,34.30,48000,16,val
../../Data/downloads/mendeley_vocalization/Chicken_Audio_Dataset/Noise/47.wav,noise,2,32.36,48000,15,val
../../Data/downloads/mendeley_vocalization/Chicken_Audio_Dataset/Noise/48.wav,noise,2,47.32,48000,20,train
../../Data/downloads/mendeley_vocalization/Chicken_Audio_Dataset/Noise/49.wav,noise,2,30.92,48000,14,train
../../Data/downloads/mendeley_vocalization/Chicken_Audio_Dataset/Noise/5.wav,noise,2,104.04,48000,20,train
../../Data/downloads/mendeley_vocalization/Chicken_Audio_Dataset/Noise/50.wav,noise,2,26.21,48000,12,test
../../Data/downloads/mendeley_vocalization/Chicken_Audio_Dataset/Noise/51.wav,noise,2,2.63,48000,1,val
../../Data/downloads/mendeley_vocalization/Chicken_Audio_Dataset/Noise/52.wav,noise,2,7.76,48000,2,train
../../Data/downloads/mendeley_vocalization/Chicken_Audio_Dataset/Noise/53.wav,noise,2,7.49,48000,2,test
../../Data/downloads/mendeley_vocalization/Chicken_Audio_Dataset/Noise/54.wav,noise,2,18.58,48000,8,train
../../Data/downloads/mendeley_vocalization/Chicken_Audio_Dataset/Noise/55.wav,noise,2,32.86,48000,15,val
../../Data/downloads/mendeley_vocalization/Chicken_Audio_Dataset/Noise/56.wav,noise,2,27.04,48000,12,val
../../Data/downloads/mendeley_vocalization/Chicken_Audio_Dataset/Noise/57.wav,noise,2,18.58,48000,8,train
../../Data/downloads/mendeley_vocalization/Chicken_Audio_Dataset/Noise/58.wav,noise,2,30.37,48000,14,test
../../Data/downloads/mendeley_vocalization/Chicken_Audio_Dataset/Noise/59.wav,noise,2,52.27,48000,20,val
../../Data/downloads/mendeley_vocalization/Chicken_Audio_Dataset/Noise/6.wav,noise,2,82.67,48000,20,val
../../Data/downloads/mendeley_vocalization/Chicken_Audio_Dataset/Noise/60.wav,noise,2,36.74,48000,17,train
../../Data/downloads/mendeley_vocalization/Chicken_Audio_Dataset/Noise/61.wav,noise,2,92.79,48000,20,train
../../Data/downloads/mendeley_vocalization/Chicken_Audio_Dataset/Noise/62.wav,noise,2,68.05,48000,20,val
../../Data/downloads/mendeley_vocalization/Chicken_Audio_Dataset/Noise/63.wav,noise,2,79.39,48000,20,train
../../Data/downloads/mendeley_vocalization/Chicken_Audio_Dataset/Noise/64.wav,noise,2,73.72,48000,20,train
../../Data/downloads/mendeley_vocalization/Chicken_Audio_Dataset/Noise/65.wav,noise,2,57.74,48000,20,train
../../Data/downloads/mendeley_vocalization/Chicken_Audio_Dataset/Noise/66.wav,noise,2,37.63,48000,17,train
../../Data/downloads/mendeley_vocalization/Chicken_Audio_Dataset/Noise/67.wav,noise,2,52.07,48000,20,train
../../Data/downloads/mendeley_vocalization/Chicken_Audio_Dataset/Noise/68.wav,noise,2,59.28,48000,20,test
../../Data/downloads/mendeley_vocalization/Chicken_Audio_Dataset/Noise/69.wav,noise,2,65.99,48000,20,train
../../Data/downloads/mendeley_vocalization/Chicken_Audio_Dataset/Noise/7.wav,noise,2,79.32,48000,20,train
../../Data/downloads/mendeley_vocalization/Chicken_Audio_Dataset/Noise/70.wav,noise,2,90.21,48000,20,train
../../Data/downloads/mendeley_vocalization/Chicken_Audio_Dataset/Noise/71.wav,noise,2,2.75,48000,1,train
../../Data/downloads/mendeley_vocalization/Chicken_Audio_Dataset/Noise/72.wav,noise,2,6.19,48000,2,test
../../Data/downloads/mendeley_vocalization/Chicken_Audio_Dataset/Noise/73.wav,noise,2,2.21,48000,1,train
../../Data/downloads/mendeley_vocalization/Chicken_Audio_Dataset/Noise/74.wav,noise,2,6.05,48000,2,val
../../Data/downloads/mendeley_vocalization/Chicken_Audio_Dataset/Noise/75.wav,noise,2,3.94,48000,1,train
../../Data/downloads/mendeley_vocalization/Chicken_Audio_Dataset/Noise/76.wav,noise,2,27.24,48000,12,test
../../Data/downloads/mendeley_vocalization/Chicken_Audio_Dataset/Noise/77.wav,noise,2,33.00,48000,15,train
../../Data/downloads/mendeley_vocalization/Chicken_Audio_Dataset/Noise/78.wav,noise,2,22.76,48000,10,train
../../Data/downloads/mendeley_vocalization/Chicken_Audio_Dataset/Noise/79.wav,noise,2,18.21,48000,8,val
../../Data/downloads/mendeley_vocalization/Chicken_Audio_Dataset/Noise/8.wav,noise,2,40.40,48000,19,train
../../Data/downloads/mendeley_vocalization/Chicken_Audio_Dataset/Noise/80.wav,noise,2,52.34,48000,20,train
../../Data/downloads/mendeley_vocalization/Chicken_Audio_Dataset/Noise/81.wav,noise,2,40.96,48000,19,train
../../Data/downloads/mendeley_vocalization/Chicken_Audio_Dataset/Noise/82.wav,noise,2,61.38,48000,20,train
../../Data/downloads/mendeley_vocalization/Chicken_Audio_Dataset/Noise/83.wav,noise,2,31.83,48000,14,train
../../Data/downloads/mendeley_vocalization/Chicken_Audio_Dataset/Noise/84.wav,noise,2,54.56,48000,20,train
../../Data/downloads/mendeley_vocalization/Chicken_Audio_Dataset/Noise/85.wav,noise,2,12.48,48000,5,train
../../Data/downloads/mendeley_vocalization/Chicken_Audio_Dataset/Noise/86.wav,noise,2,0.58,48000,1,train
../../Data/downloads/mendeley_vocalization/Chicken_Audio_Dataset/Noise/9.wav,noise,2,53.35,48000,20,train
