path,label_path,clip,orig_split,split,n_objects,class_hist
../../Data/downloads/Roboflow/Data/downloads/roboflow_tracking/train/images/A-chicken-crossing-the-road_mp4-0_jpg.rf.2910363b8816e437a9c069fefd827e80.jpg,../../Data/downloads/Roboflow/Data/downloads/roboflow_tracking/train/labels/A-chicken-crossing-the-road_mp4-0_jpg.rf.2910363b8816e437a9c069fefd827e80.txt,A-chicken-crossing-the-road,train,test,0,0
../../Data/downloads/Roboflow/Data/downloads/roboflow_tracking/train/images/A-chicken-crossing-the-road_mp4-10_jpg.rf.a95946eafed00c3ac520bf12faebfbed.jpg,../../Data/downloads/Roboflow/Data/downloads/roboflow_tracking/train/labels/A-chicken-crossing-the-road_mp4-10_jpg.rf.a95946eafed00c3ac520bf12faebfbed.txt,A-chicken-crossing-the-road,train,test,1,1
../../Data/downloads/Roboflow/Data/downloads/roboflow_tracking/train/images/A-chicken-crossing-the-road_mp4-12_jpg.rf.d1264a6b7399030a859ab14564255a25.jpg,../../Data/downloads/Roboflow/Data/downloads/roboflow_tracking/train/labels/A-chicken-crossing-the-road_mp4-12_jpg.rf.d1264a6b7399030a859ab14564255a25.txt,A-chicken-crossing-the-road,train,test,1,1
../../Data/downloads/Roboflow/Data/downloads/roboflow_tracking/train/images/A-chicken-crossing-the-road_mp4-13_jpg.rf.a38abec3de76b1847dc8a0da91df2457.jpg,../../Data/downloads/Roboflow/Data/downloads/roboflow_tracking/train/labels/A-chicken-crossing-the-road_mp4-13_jpg.rf.a38abec3de76b1847dc8a0da91df2457.txt,A-chicken-crossing-the-road,train,test,1,1
../../Data/downloads/Roboflow/Data/downloads/roboflow_tracking/train/images/A-chicken-crossing-the-road_mp4-14_jpg.rf.60b661d1ebc2d1646ceb0d0812601839.jpg,../../Data/downloads/Roboflow/Data/downloads/roboflow_tracking/train/labels/A-chicken-crossing-the-road_mp4-14_jpg.rf.60b661d1ebc2d1646ceb0d0812601839.txt,A-chicken-crossing-the-road,train,test,1,1
../../Data/downloads/Roboflow/Data/downloads/roboflow_tracking/train/images/A-chicken-crossing-the-road_mp4-15_jpg.rf.d3472e951674b7123c05aa7554d07183.jpg,../../Data/downloads/Roboflow/Data/downloads/roboflow_tracking/train/labels/A-chicken-crossing-the-road_mp4-15_jpg.rf.d3472e951674b7123c05aa7554d07183.txt,A-chicken-crossing-the-road,train,test,1,1
../../Data/downloads/Roboflow/Data/downloads/roboflow_tracking/train/images/A-chicken-crossing-the-road_mp4-16_jpg.rf.10b92a30d94e06090407ab296990656a.jpg,../../Data/downloads/Roboflow/Data/downloads/roboflow_tracking/train/labels/A-chicken-crossing-the-road_mp4-16_jpg.rf.10b92a30d94e06090407ab296990656a.txt,A-chicken-crossing-the-road,train,test,1,1
../../Data/downloads/Roboflow/Data/downloads/roboflow_tracking/train/images/A-chicken-crossing-the-road_mp4-17_jpg.rf.e8f1351080e00c6458e9fdbaaf35e70b.jpg,../../Data/downloads/Roboflow/Data/downloads/roboflow_tracking/train/labels/A-chicken-crossing-the-road_mp4-17_jpg.rf.e8f1351080e00c6458e9fdbaaf35e70b.txt,A-chicken-crossing-the-road,train,test,1,1
../../Data/downloads/Roboflow/Data/downloads/roboflow_tracking/train/images/A-chicken-crossing-the-road_mp4-19_jpg.rf.371b60d97e30d08283bfcb2f25036882.jpg,../../Data/downloads/Roboflow/Data/downloads/roboflow_tracking/train/labels/A-chicken-crossing-the-road_mp4-19_jpg.rf.371b60d97e30d08283bfcb2f25036882.txt,A-chicken-crossing-the-road,train,test,1,1
../../Data/downloads/Roboflow/Data/downloads/roboflow_tracking/train/images/A-chicken-crossing-the-road_mp4-20_jpg.rf.0320f3db8a7a8c90687afd2ad9364aa5.jpg,../../Data/downloads/Roboflow/Data/downloads/roboflow_tracking/train/labels/A-chicken-crossing-the-road_mp4-20_jpg.rf.0320f3db8a7a8c90687afd2ad9364aa5.txt,A-chicken-crossing-the-road,train,test,1,1
../../Data/downloads/Roboflow/Data/downloads/roboflow_tracking/train/images/A-chicken-crossing-the-road_mp4-21_jpg.rf.df940c6e51938b1e0d4898ef6582a551.jpg,../../Data/downloads/Roboflow/Data/downloads/roboflow_tracking/train/labels/A-chicken-crossing-the-road_mp4-21_jpg.rf.df940c6e51938b1e0d4898ef6582a551.txt,A-chicken-crossing-the-road,train,test,1,1
../../Data/downloads/Roboflow/Data/downloads/roboflow_tracking/train/images/A-chicken-crossing-the-road_mp4-22_jpg.rf.04255395132028bfa17142306b535e65.jpg,../../Data/downloads/Roboflow/Data/downloads/roboflow_tracking/train/labels/A-chicken-crossing-the-road_mp4-22_jpg.rf.04255395132028bfa17142306b535e65.txt,A-chicken-crossing-the-road,train,test,1,1
../../Data/downloads/Roboflow/Data/downloads/roboflow_tracking/train/images/A-chicken-crossing-the-road_mp4-24_jpg.rf.08b5312fda7726a6c77739c76670b3e3.jpg,../../Data/downloads/Roboflow/Data/downloads/roboflow_tracking/train/labels/A-chicken-crossing-the-road_mp4-24_jpg.rf.08b5312fda7726a6c77739c76670b3e3.txt,A-chicken-crossing-the-road,train,test,1,1
../../Data/downloads/Roboflow/Data/downloads/roboflow_tracking/train/images/A-chicken-crossing-the-road_mp4-25_jpg.rf.70006968f365f3265faa2b91ed2c2035.jpg,../../Data/downloads/Roboflow/Data/downloads/roboflow_tracking/train/labels/A-chicken-crossing-the-road_mp4-25_jpg.rf.70006968f365f3265faa2b91ed2c2035.txt,A-chicken-crossing-the-road,train,test,1,1
../../Data/downloads/Roboflow/Data/downloads/roboflow_tracking/train/images/A-chicken-crossing-the-road_mp4-26_jpg.rf.b7f6747455d8deb10860992f5be2c609.jpg,../../Data/downloads/Roboflow/Data/downloads/roboflow_tracking/train/labels/A-chicken-crossing-the-road_mp4-26_jpg.rf.b7f6747455d8deb10860992f5be2c609.txt,A-chicken-crossing-the-road,train,test,1,1
../../Data/downloads/Roboflow/Data/downloads/roboflow_tracking/train/images/A-chicken-crossing-the-road_mp4-27_jpg.rf.bdf073813f13eb91eaff552204430fd2.jpg,../../Data/downloads/Roboflow/Data/downloads/roboflow_tracking/train/labels/A-chicken-crossing-the-road_mp4-27_jpg.rf.bdf073813f13eb91eaff552204430fd2.txt,A-chicken-crossing-the-road,train,test,1,1
../../Data/downloads/Roboflow/Data/downloads/roboflow_tracking/train/images/A-chicken-crossing-the-road_mp4-28_jpg.rf.c20c34e85204a1f961de0d4e0d8de45e.jpg,../../Data/downloads/Roboflow/Data/downloads/roboflow_tracking/train/labels/A-chicken-crossing-the-road_mp4-28_jpg.rf.c20c34e85204a1f961de0d4e0d8de45e.txt,A-chicken-crossing-the-road,train,test,1,1
../../Data/downloads/Roboflow/Data/downloads/roboflow_tracking/train/images/A-chicken-crossing-the-road_mp4-29_jpg.rf.26239e4125b9b07d91585098d986e883.jpg,../../Data/downloads/Roboflow/Data/downloads/roboflow_tracking/train/labels/A-chicken-crossing-the-road_mp4-29_jpg.rf.26239e4125b9b07d91585098d986e883.txt,A-chicken-crossing-the-road,train,test,1,1
../../Data/downloads/Roboflow/Data/downloads/roboflow_tracking/train/images/A-chicken-crossing-the-road_mp4-30_jpg.rf.be515cdbc3262f6c59b5b72791c074df.jpg,../../Data/downloads/Roboflow/Data/downloads/roboflow_tracking/train/labels/A-chicken-crossing-the-road_mp4-30_jpg.rf.be515cdbc3262f6c59b5b72791c074df.txt,A-chicken-crossing-the-road,train,test,1,1
../../Data/downloads/Roboflow/Data/downloads/roboflow_tracking/train/images/A-chicken-crossing-the-road_mp4-31_jpg.rf.e14157c2eff035d665dd045524fb8b75.jpg,../../Data/downloads/Roboflow/Data/downloads/roboflow_tracking/train/labels/A-chicken-crossing-the-road_mp4-31_jpg.rf.e14157c2eff035d665dd045524fb8b75.txt,A-chicken-crossing-the-road,train,test,1,1
../../Data/downloads/Roboflow/Data/downloads/roboflow_tracking/train/images/A-chicken-crossing-the-road_mp4-32_jpg.rf.1b03c597885f7dc5db91581f163d2a27.jpg,../../Data/downloads/Roboflow/Data/downloads/roboflow_tracking/train/labels/A-chicken-crossing-the-road_mp4-32_jpg.rf.1b03c597885f7dc5db91581f163d2a27.txt,A-chicken-crossing-the-road,train,test,1,1
../../Data/downloads/Roboflow/Data/downloads/roboflow_tracking/train/images/A-chicken-crossing-the-road_mp4-34_jpg.rf.1bb7076c5109c4241415e307794e437a.jpg,../../Data/downloads/Roboflow/Data/downloads/roboflow_tracking/train/labels/A-chicken-crossing-the-road_mp4-34_jpg.rf.1bb7076c5109c4241415e307794e437a.txt,A-chicken-crossing-the-road,train,test,1,1
../../Data/downloads/Roboflow/Data/downloads/roboflow_tracking/train/images/A-chicken-crossing-the-road_mp4-36_jpg.rf.dd3782574a5270ff1082ab2580c11386.jpg,../../Data/downloads/Roboflow/Data/downloads/roboflow_tracking/train/labels/A-chicken-crossing-the-road_mp4-36_jpg.rf.dd3782574a5270ff1082ab2580c11386.txt,A-chicken-crossing-the-road,train,test,1,1
../../Data/downloads/Roboflow/Data/downloads/roboflow_tracking/train/images/A-chicken-crossing-the-road_mp4-37_jpg.rf.1538dffad60f3fa061406d42edee478b.jpg,../../Data/downloads/Roboflow/Data/downloads/roboflow_tracking/train/labels/A-chicken-crossing-the-road_mp4-37_jpg.rf.1538dffad60f3fa061406d42edee478b.txt,A-chicken-crossing-the-road,train,test,1,1
../../Data/downloads/Roboflow/Data/downloads/roboflow_tracking/train/images/A-chicken-crossing-the-road_mp4-38_jpg.rf.164f36e6a3595a5ebde07762e11eb9d6.jpg,../../Data/downloads/Roboflow/Data/downloads/roboflow_tracking/train/labels/A-chicken-crossing-the-road_mp4-38_jpg.rf.164f36e6a3595a5ebde07762e11eb9d6.txt,A-chicken-crossing-the-road,train,test,1,1
../../Data/downloads/Roboflow/Data/downloads/roboflow_tracking/train/images/A-chicken-crossing-the-road_mp4-39_jpg.rf.f67e90a4e09e9f6800d86990b50be6d5.jpg,../../Data/downloads/Roboflow/Data/downloads/roboflow_tracking/train/labels/A-chicken-crossing-the-road_mp4-39_jpg.rf.f67e90a4e09e9f6800d86990b50be6d5.txt,A-chicken-crossing-the-road,train,test,1,1
../../Data/downloads/Roboflow/Data/downloads/roboflow_tracking/train/images/A-chicken-crossing-the-road_mp4-3_jpg.rf.69aa1b470e77b238a9c901da74e11a73.jpg,../../Data/downloads/Roboflow/Data/downloads/roboflow_tracking/train/labels/A-chicken-crossing-the-road_mp4-3_jpg.rf.69aa1b470e77b238a9c901da74e11a73.txt,A-chicken-crossing-the-road,train,test,0,0
../../Data/downloads/Roboflow/Data/downloads/roboflow_tracking/train/images/A-chicken-crossing-the-road_mp4-40_jpg.rf.e3b36b733ff6f52a3dc59d460204bd30.jpg,../../Data/downloads/Roboflow/Data/downloads/roboflow_tracking/train/labels/A-chicken-crossing-the-road_mp4-40_jpg.rf.e3b36b733ff6f52a3dc59d460204bd30.txt,A-chicken-crossing-the-road,train,test,1,1
../../Data/downloads/Roboflow/Data/downloads/roboflow_tracking/train/images/A-chicken-crossing-the-road_mp4-42_jpg.rf.bb1bdba4e72f31f4ef2edb144840a4cb.jpg,../../Data/downloads/Roboflow/Data/downloads/roboflow_tracking/train/labels/A-chicken-crossing-the-road_mp4-42_jpg.rf.bb1bdba4e72f31f4ef2edb144840a4cb.txt,A-chicken-crossing-the-road,train,test,1,1
../../Data/downloads/Roboflow/Data/downloads/roboflow_tracking/train/images/A-chicken-crossing-the-road_mp4-44_jpg.rf.a957708a078e833322a3c464690b8994.jpg,../../Data/downloads/Roboflow/Data/downloads/roboflow_tracking/train/labels/A-chicken-crossing-the-road_mp4-44_jpg.rf.a957708a078e833322a3c464690b8994.txt,A-chicken-crossing-the-road,train,test,1,1
../../Data/downloads/Roboflow/Data/downloads/roboflow_tracking/train/images/A-chicken-crossing-the-road_mp4-45_jpg.rf.3b8b45cbc9be042c219395b40fe6eea7.jpg,../../Data/downloads/Roboflow/Data/downloads/roboflow_tracking/train/labels/A-chicken-crossing-the-road_mp4-45_jpg.rf.3b8b45cbc9be042c219395b40fe6eea7.txt,A-chicken-crossing-the-road,train,test,1,1
../../Data/downloads/Roboflow/Data/downloads/roboflow_tracking/train/images/A-chicken-crossing-the-road_mp4-46_jpg.rf.a9a007dc634617004e2f8c36183d39bb.jpg,../../Data/downloads/Roboflow/Data/downloads/roboflow_tracking/train/labels/A-chicken-crossing-the-road_mp4-46_jpg.rf.a9a007dc634617004e2f8c36183d39bb.txt,A-chicken-crossing-the-road,train,test,1,1
../../Data/downloads/Roboflow/Data/downloads/roboflow_tracking/train/images/A-chicken-crossing-the-road_mp4-48_jpg.rf.9731fbf204ea015c947c197e18c372c9.jpg,../../Data/downloads/Roboflow/Data/downloads/roboflow_tracking/train/labels/A-chicken-crossing-the-road_mp4-48_jpg.rf.9731fbf204ea015c947c197e18c372c9.txt,A-chicken-crossing-the-road,train,test,1,1
../../Data/downloads/Roboflow/Data/downloads/roboflow_tracking/train/images/A-chicken-crossing-the-road_mp4-4_jpg.rf.b595df6c6bde8eff4354749bf5ff565d.jpg,../../Data/downloads/Roboflow/Data/downloads/roboflow_tracking/train/labels/A-chicken-crossing-the-road_mp4-4_jpg.rf.b595df6c6bde8eff4354749bf5ff565d.txt,A-chicken-crossing-the-road,train,test,0,0
../../Data/downloads/Roboflow/Data/downloads/roboflow_tracking/train/images/A-chicken-crossing-the-road_mp4-50_jpg.rf.4ced72274c9529b1da7d819949819d85.jpg,../../Data/downloads/Roboflow/Data/downloads/roboflow_tracking/train/labels/A-chicken-crossing-the-road_mp4-50_jpg.rf.4ced72274c9529b1da7d819949819d85.txt,A-chicken-crossing-the-road,train,test,1,1
../../Data/downloads/Roboflow/Data/downloads/roboflow_tracking/train/images/A-chicken-crossing-the-road_mp4-51_jpg.rf.ed83ff37ad9d1d07b2bdfe8e4c016fe1.jpg,../../Data/downloads/Roboflow/Data/downloads/roboflow_tracking/train/labels/A-chicken-crossing-the-road_mp4-51_jpg.rf.ed83ff37ad9d1d07b2bdfe8e4c016fe1.txt,A-chicken-crossing-the-road,train,test,1,1
../../Data/downloads/Roboflow/Data/downloads/roboflow_tracking/train/images/A-chicken-crossing-the-road_mp4-52_jpg.rf.68fbf22255483d6e537ccc93078e5f92.jpg,../../Data/downloads/Roboflow/Data/downloads/roboflow_tracking/train/labels/A-chicken-crossing-the-road_mp4-52_jpg.rf.68fbf22255483d6e537ccc93078e5f92.txt,A-chicken-crossing-the-road,train,test,1,1
../../Data/downloads/Roboflow/Data/downloads/roboflow_tracking/train/images/A-chicken-crossing-the-road_mp4-53_jpg.rf.189bf9a702bf41d5387246ed1105421a.jpg,../../Data/downloads/Roboflow/Data/downloads/roboflow_tracking/train/labels/A-chicken-crossing-the-road_mp4-53_jpg.rf.189bf9a702bf41d5387246ed1105421a.txt,A-chicken-crossing-the-road,train,test,1,1
../../Data/downloads/Roboflow/Data/downloads/roboflow_tracking/train/images/A-chicken-crossing-the-road_mp4-55_jpg.rf.c5373151ae2b61e8a344a07966afd2dc.jpg,../../Data/downloads/Roboflow/Data/downloads/roboflow_tracking/train/labels/A-chicken-crossing-the-road_mp4-55_jpg.rf.c5373151ae2b61e8a344a07966afd2dc.txt,A-chicken-crossing-the-road,train,test,1,1
../../Data/downloads/Roboflow/Data/downloads/roboflow_tracking/train/images/A-chicken-crossing-the-road_mp4-56_jpg.rf.7d7c8c719ac27dc191883fce732c2641.jpg,../../Data/downloads/Roboflow/Data/downloads/roboflow_tracking/train/labels/A-chicken-crossing-the-road_mp4-56_jpg.rf.7d7c8c719ac27dc191883fce732c2641.txt,A-chicken-crossing-the-road,train,test,1,1
../../Data/downloads/Roboflow/Data/downloads/roboflow_tracking/train/images/A-chicken-crossing-the-road_mp4-57_jpg.rf.eb072b9062a6c36a7572e4d226e8ca22.jpg,../../Data/downloads/Roboflow/Data/downloads/roboflow_tracking/train/labels/A-chicken-crossing-the-road_mp4-57_jpg.rf.eb072b9062a6c36a7572e4d226e8ca22.txt,A-chicken-crossing-the-road,train,test,1,1
../../Data/downloads/Roboflow/Data/downloads/roboflow_tracking/train/images/A-chicken-crossing-the-road_mp4-58_jpg.rf.601b7208dc6d120bfc1c46a598563d51.jpg,../../Data/downloads/Roboflow/Data/downloads/roboflow_tracking/train/labels/A-chicken-crossing-the-road_mp4-58_jpg.rf.601b7208dc6d120bfc1c46a598563d51.txt,A-chicken-crossing-the-road,train,test,1,1
../../Data/downloads/Roboflow/Data/downloads/roboflow_tracking/train/images/A-chicken-crossing-the-road_mp4-59_jpg.rf.5b8fcef83846016d775741bce8c5aeea.jpg,../../Data/downloads/Roboflow/Data/downloads/roboflow_tracking/train/labels/A-chicken-crossing-the-road_mp4-59_jpg.rf.5b8fcef83846016d775741bce8c5aeea.txt,A-chicken-crossing-the-road,train,test,1,1
../../Data/downloads/Roboflow/Data/downloads/roboflow_tracking/train/images/A-chicken-crossing-the-road_mp4-5_jpg.rf.d5c82b63251cb10d8f179c1fc418d63b.jpg,../../Data/downloads/Roboflow/Data/downloads/roboflow_tracking/train/labels/A-chicken-crossing-the-road_mp4-5_jpg.rf.d5c82b63251cb10d8f179c1fc418d63b.txt,A-chicken-crossing-the-road,train,test,0,0
../../Data/downloads/Roboflow/Data/downloads/roboflow_tracking/train/images/A-chicken-crossing-the-road_mp4-60_jpg.rf.ce3f5f201b0209c9bb6790137c3ab465.jpg,../../Data/downloads/Roboflow/Data/downloads/roboflow_tracking/train/labels/A-chicken-crossing-the-road_mp4-60_jpg.rf.ce3f5f201b0209c9bb6790137c3ab465.txt,A-chicken-crossing-the-road,train,test,1,1
../../Data/downloads/Roboflow/Data/downloads/roboflow_tracking/train/images/A-chicken-crossing-the-road_mp4-61_jpg.rf.a705f3d034962bfc7777a4966b9ad3e5.jpg,../../Data/downloads/Roboflow/Data/downloads/roboflow_tracking/train/labels/A-chicken-crossing-the-road_mp4-61_jpg.rf.a705f3d034962bfc7777a4966b9ad3e5.txt,A-chicken-crossing-the-road,train,test,1,1
../../Data/downloads/Roboflow/Data/downloads/roboflow_tracking/train/images/A-chicken-crossing-the-road_mp4-62_jpg.rf.67faafdef924d025a5747f1770d9ab8b.jpg,../../Data/downloads/Roboflow/Data/downloads/roboflow_tracking/train/labels/A-chicken-crossing-the-road_mp4-62_jpg.rf.67faafdef924d025a5747f1770d9ab8b.txt,A-chicken-crossing-the-road,train,test,1,1
../../Data/downloads/Roboflow/Data/downloads/roboflow_tracking/train/images/A-chicken-crossing-the-road_mp4-63_jpg.rf.8427455c8312fb4c6dd2bc0cc2b9c9f9.jpg,../../Data/downloads/Roboflow/Data/downloads/roboflow_tracking/train/labels/A-chicken-crossing-the-road_mp4-63_jpg.rf.8427455c8312fb4c6dd2bc0cc2b9c9f9.txt,A-chicken-crossing-the-road,train,test,1,1
../../Data/downloads/Roboflow/Data/downloads/roboflow_tracking/train/images/A-chicken-crossing-the-road_mp4-64_jpg.rf.8cf53ed12609ae1fd20dce861d9ec40e.jpg,../../Data/downloads/Roboflow/Data/downloads/roboflow_tracking/train/labels/A-chicken-crossing-the-road_mp4-64_jpg.rf.8cf53ed12609ae1fd20dce861d9ec40e.txt,A-chicken-crossing-the-road,train,test,1,1
../../Data/downloads/Roboflow/Data/downloads/roboflow_tracking/train/images/A-chicken-crossing-the-road_mp4-65_jpg.rf.3e0e1caa637b3df4d48c6e81254cfb0f.jpg,../../Data/downloads/Roboflow/Data/downloads/roboflow_tracking/train/labels/A-chicken-crossing-the-road_mp4-65_jpg.rf.3e0e1caa637b3df4d48c6e81254cfb0f.txt,A-chicken-crossing-the-road,train,test,1,1
../../Data/downloads/Roboflow/Data/downloads/roboflow_tracking/train/images/A-chicken-crossing-the-road_mp4-66_jpg.rf.de16a1bf0dff80f626138f13de966fb0.jpg,../../Data/downloads/Roboflow/Data/downloads/roboflow_tracking/train/labels/A-chicken-crossing-the-road_mp4-66_jpg.rf.de16a1bf0dff80f626138f13de966fb0.txt,A-chicken-crossing-the-road,train,test,1,1
../../Data/downloads/Roboflow/Data/downloads/roboflow_tracking/train/images/A-chicken-crossing-the-road_mp4-67_jpg.rf.2b167871e37bf18e0d7ba782da2d1ab8.jpg,../../Data/downloads/Roboflow/Data/downloads/roboflow_tracking/train/labels/A-chicken-crossing-the-road_mp4-67_jpg.rf.2b167871e37bf18e0d7ba782da2d1ab8.txt,A-chicken-crossing-the-road,train,test,1,1
../../Data/downloads/Roboflow/Data/downloads/roboflow_tracking/train/images/A-chicken-crossing-the-road_mp4-68_jpg.rf.40de706af6fc6a48b2f27586310aa6ce.jpg,../../Data/downloads/Roboflow/Data/downloads/roboflow_tracking/train/labels/A-chicken-crossing-the-road_mp4-68_jpg.rf.40de706af6fc6a48b2f27586310aa6ce.txt,A-chicken-crossing-the-road,train,test,1,1
../../Data/downloads/Roboflow/Data/downloads/roboflow_tracking/train/images/A-chicken-crossing-the-road_mp4-69_jpg.rf.6987e3443a6f1c6f1175672040ae4f64.jpg,../../Data/downloads/Roboflow/Data/downloads/roboflow_tracking/train/labels/A-chicken-crossing-the-road_mp4-69_jpg.rf.6987e3443a6f1c6f1175672040ae4f64.txt,A-chicken-crossing-the-road,train,test,1,1
../../Data/downloads/Roboflow/Data/downloads/roboflow_tracking/train/images/A-chicken-crossing-the-road_mp4-6_jpg.rf.e7990d1815cf58165b8979fe822d12c3.jpg,../../Data/downloads/Roboflow/Data/downloads/roboflow_tracking/train/labels/A-chicken-crossing-the-road_mp4-6_jpg.rf.e7990d1815cf58165b8979fe822d12c3.txt,A-chicken-crossing-the-road,train,test,0,0
../../Data/downloads/Roboflow/Data/downloads/roboflow_tracking/train/images/A-chicken-crossing-the-road_mp4-70_jpg.rf.07b83546d906d9efcc99d9391b4b5111.jpg,../../Data/downloads/Roboflow/Data/downloads/roboflow_tracking/train/labels/A-chicken-crossing-the-road_mp4-70_jpg.rf.07b83546d906d9efcc99d9391b4b5111.txt,A-chicken-crossing-the-road,train,test,1,1
../../Data/downloads/Roboflow/Data/downloads/roboflow_tracking/train/images/A-chicken-crossing-the-road_mp4-71_jpg.rf.abc1752187f11c9a76d5c94f6e76e04b.jpg,../../Data/downloads/Roboflow/Data/downloads/roboflow_tracking/train/labels/A-chicken-crossing-the-road_mp4-71_jpg.rf.abc1752187f11c9a76d5c94f6e76e04b.txt,A-chicken-crossing-the-road,train,test,1,1
../../Data/downloads/Roboflow/Data/downloads/roboflow_tracking/train/images/A-chicken-crossing-the-road_mp4-72_jpg.rf.e4bd3cc69fffadad931372ae1139dc74.jpg,../../Data/downloads/Roboflow/Data/downloads/roboflow_tracking/train/labels/A-chicken-crossing-the-road_mp4-72_jpg.rf.e4bd3cc69fffadad931372ae1139dc74.txt,A-chicken-crossing-the-road,train,test,1,1
../../Data/downloads/Roboflow/Data/downloads/roboflow_tracking/train/images/A-chicken-crossing-the-road_mp4-73_jpg.rf.d153eca308eaa326b3e8b227d2cbbc28.jpg,../../Data/downloads/Roboflow/Data/downloads/roboflow_tracking/train/labels/A-chicken-crossing-the-road_mp4-73_jpg.rf.d153eca308eaa326b3e8b227d2cbbc28.txt,A-chicken-crossing-the-road,train,test,1,1
../../Data/downloads/Roboflow/Data/downloads/roboflow_tracking/train/images/A-chicken-crossing-the-road_mp4-74_jpg.rf.5c09fa9c4190ad80b8f46dd7bb256be8.jpg,../../Data/downloads/Roboflow/Data/downloads/roboflow_tracking/train/labels/A-chicken-crossing-the-road_mp4-74_jpg.rf.5c09fa9c4190ad80b8f46dd7bb256be8.txt,A-chicken-crossing-the-road,train,test,1,1
../../Data/downloads/Roboflow/Data/downloads/roboflow_tracking/train/images/A-chicken-crossing-the-road_mp4-75_jpg.rf.dc7218b06cfdebb3338a64106cd4d118.jpg,../../Data/downloads/Roboflow/Data/downloads/roboflow_tracking/train/labels/A-chicken-crossing-the-road_mp4-75_jpg.rf.dc7218b06cfdebb3338a64106cd4d118.txt,A-chicken-crossing-the-road,train,test,1,1
../../Data/downloads/Roboflow/Data/downloads/roboflow_tracking/train/images/A-chicken-crossing-the-road_mp4-76_jpg.rf.ce386a90e17d18d5853b3b755eef0f10.jpg,../../Data/downloads/Roboflow/Data/downloads/roboflow_tracking/train/labels/A-chicken-crossing-the-road_mp4-76_jpg.rf.ce386a90e17d18d5853b3b755eef0f10.txt,A-chicken-crossing-the-road,train,test,1,1
../../Data/downloads/Roboflow/Data/downloads/roboflow_tracking/train/images/A-chicken-crossing-the-road_mp4-7_jpg.rf.97235afd988d56f6b3b0023f73bfb474.jpg,../../Data/downloads/Roboflow/Data/downloads/roboflow_tracking/train/labels/A-chicken-crossing-the-road_mp4-7_jpg.rf.97235afd988d56f6b3b0023f73bfb474.txt,A-chicken-crossing-the-road,train,test,0,0
../../Data/downloads/Roboflow/Data/downloads/roboflow_tracking/train/images/A-chicken-crossing-the-road_mp4-9_jpg.rf.8e859778e5404e8fb117af2c644ff6c7.jpg,../../Data/downloads/Roboflow/Data/downloads/roboflow_tracking/train/labels/A-chicken-crossing-the-road_mp4-9_jpg.rf.8e859778e5404e8fb117af2c644ff6c7.txt,A-chicken-crossing-the-road,train,test,1,1
../../Data/downloads/Roboflow/Data/downloads/roboflow_tracking/train/images/chicken-3607863_1280_jpeg.rf.b065249607624858fb4660af30624ef1.jpg,../../Data/downloads/Roboflow/Data/downloads/roboflow_tracking/train/labels/chicken-3607863_1280_jpeg.rf.b065249607624858fb4660af30624ef1.txt,chicken-3607863,train,train,3,3
../../Data/downloads/Roboflow/Data/downloads/roboflow_tracking/train/images/chicken-4151637_1280_jpeg.rf.238ade7c146b64006224f8a816961bd9.jpg,../../Data/downloads/Roboflow/Data/downloads/roboflow_tracking/train/labels/chicken-4151637_1280_jpeg.rf.238ade7c146b64006224f8a816961bd9.txt,chicken-4151637,train,train,1,1
../../Data/downloads/Roboflow/Data/downloads/roboflow_tracking/train/images/chicken-4849979_1280_jpeg.rf.d32232c16f759014e22d58e2d5bc9b0f.jpg,../../Data/downloads/Roboflow/Data/downloads/roboflow_tracking/train/labels/chicken-4849979_1280_jpeg.rf.d32232c16f759014e22d58e2d5bc9b0f.txt,chicken-4849979,train,train,5,5
../../Data/downloads/Roboflow/Data/downloads/roboflow_tracking/train/images/chickens-1_mp4-0_jpg.rf.3cc56a4601259886e088ebbc3e209c06.jpg,../../Data/downloads/Roboflow/Data/downloads/roboflow_tracking/train/labels/chickens-1_mp4-0_jpg.rf.3cc56a4601259886e088ebbc3e209c06.txt,chickens-1,train,train,3,3
../../Data/downloads/Roboflow/Data/downloads/roboflow_tracking/train/images/chickens-1_mp4-10_jpg.rf.d23c2f027d4f3379bd664f4b8b01958b.jpg,../../Data/downloads/Roboflow/Data/downloads/roboflow_tracking/train/labels/chickens-1_mp4-10_jpg.rf.d23c2f027d4f3379bd664f4b8b01958b.txt,chickens-1,train,train,5,5
../../Data/downloads/Roboflow/Data/downloads/roboflow_tracking/train/images/chickens-1_mp4-11_jpg.rf.5bc44ed16685c35f0fb1982f81f8e6cc.jpg,../../Data/downloads/Roboflow/Data/downloads/roboflow_tracking/train/labels/chickens-1_mp4-11_jpg.rf.5bc44ed16685c35f0fb1982f81f8e6cc.txt,chickens-1,train,train,5,5
../../Data/downloads/Roboflow/Data/downloads/roboflow_tracking/train/images/chickens-1_mp4-14_jpg.rf.6750830888220535111c23ee8b22226c.jpg,../../Data/downloads/Roboflow/Data/downloads/roboflow_tracking/train/labels/chickens-1_mp4-14_jpg.rf.6750830888220535111c23ee8b22226c.txt,chickens-1,train,train,5,5
../../Data/downloads/Roboflow/Data/downloads/roboflow_tracking/train/images/chickens-1_mp4-15_jpg.rf.fce26b997dd7459f8981fa6b0e53ca80.jpg,../../Data/downloads/Roboflow/Data/downloads/roboflow_tracking/train/labels/chickens-1_mp4-15_jpg.rf.fce26b997dd7459f8981fa6b0e53ca80.txt,chickens-1,train,train,5,5
../../Data/downloads/Roboflow/Data/downloads/roboflow_tracking/train/images/chickens-1_mp4-16_jpg.rf.77974a15f004e6b4e5485ef97a68024e.jpg,../../Data/downloads/Roboflow/Data/downloads/roboflow_tracking/train/labels/chickens-1_mp4-16_jpg.rf.77974a15f004e6b4e5485ef97a68024e.txt,chickens-1,train,train,5,5
../../Data/downloads/Roboflow/Data/downloads/roboflow_tracking/train/images/chickens-1_mp4-17_jpg.rf.fdb8395e451421108c254d869d8a7299.jpg,../../Data/downloads/Roboflow/Data/downloads/roboflow_tracking/train/labels/chickens-1_mp4-17_jpg.rf.fdb8395e451421108c254d869d8a7299.txt,chickens-1,train,train,4,4
../../Data/downloads/Roboflow/Data/downloads/roboflow_tracking/train/images/chickens-1_mp4-19_jpg.rf.0ea17b4f951664e54781e8a12f9e66dc.jpg,../../Data/downloads/Roboflow/Data/downloads/roboflow_tracking/train/labels/chickens-1_mp4-19_jpg.rf.0ea17b4f951664e54781e8a12f9e66dc.txt,chickens-1,train,train,4,4
../../Data/downloads/Roboflow/Data/downloads/roboflow_tracking/train/images/chickens-1_mp4-20_jpg.rf.cefaf93a9eb76842d125e239ea109652.jpg,../../Data/downloads/Roboflow/Data/downloads/roboflow_tracking/train/labels/chickens-1_mp4-20_jpg.rf.cefaf93a9eb76842d125e239ea109652.txt,chickens-1,train,train,4,4
../../Data/downloads/Roboflow/Data/downloads/roboflow_tracking/train/images/chickens-1_mp4-21_jpg.rf.818e81ed2fb3676f8e93f96a4af8b409.jpg,../../Data/downloads/Roboflow/Data/downloads/roboflow_tracking/train/labels/chickens-1_mp4-21_jpg.rf.818e81ed2fb3676f8e93f96a4af8b409.txt,chickens-1,train,train,5,5
../../Data/downloads/Roboflow/Data/downloads/roboflow_tracking/train/images/chickens-1_mp4-22_jpg.rf.1d294ad0bf1cb7839b465b6c24c928d5.jpg,../../Data/downloads/Roboflow/Data/downloads/roboflow_tracking/train/labels/chickens-1_mp4-22_jpg.rf.1d294ad0bf1cb7839b465b6c24c928d5.txt,chickens-1,train,train,7,7
../../Data/downloads/Roboflow/Data/downloads/roboflow_tracking/train/images/chickens-1_mp4-23_jpg.rf.a0d0b95707320fe0b82b67bd7d9c6352.jpg,../../Data/downloads/Roboflow/Data/downloads/roboflow_tracking/train/labels/chickens-1_mp4-23_jpg.rf.a0d0b95707320fe0b82b67bd7d9c6352.txt,chickens-1,train,train,6,6
../../Data/downloads/Roboflow/Data/downloads/roboflow_tracking/train/images/chickens-1_mp4-24_jpg.rf.b36dd7fcbb428200934f0b68f3591e63.jpg,../../Data/downloads/Roboflow/Data/downloads/roboflow_tracking/train/labels/chickens-1_mp4-24_jpg.rf.b36dd7fcbb428200934f0b68f3591e63.txt,chickens-1,train,train,6,6
../../Data/downloads/Roboflow/Data/downloads/roboflow_tracking/train/images/chickens-1_mp4-25_jpg.rf.bd192b03272fac7da53faf847f0d334f.jpg,../../Data/downloads/Roboflow/Data/downloads/roboflow_tracking/train/labels/chickens-1_mp4-25_jpg.rf.bd192b03272fac7da53faf847f0d334f.txt,chickens-1,train,train,6,6
../../Data/downloads/Roboflow/Data/downloads/roboflow_tracking/train/images/chickens-1_mp4-26_jpg.rf.51a4da8f11199e4e74c2c511158dd680.jpg,../../Data/downloads/Roboflow/Data/downloads/roboflow_tracking/train/labels/chickens-1_mp4-26_jpg.rf.51a4da8f11199e4e74c2c511158dd680.txt,chickens-1,train,train,6,6
../../Data/downloads/Roboflow/Data/downloads/roboflow_tracking/train/images/chickens-1_mp4-27_jpg.rf.f40f555bfc46c786da951b3cab254106.jpg,../../Data/downloads/Roboflow/Data/downloads/roboflow_tracking/train/labels/chickens-1_mp4-27_jpg.rf.f40f555bfc46c786da951b3cab254106.txt,chickens-1,train,train,6,6
../../Data/downloads/Roboflow/Data/downloads/roboflow_tracking/train/images/chickens-1_mp4-29_jpg.rf.b798225e7770e46f3bb628f2475184ca.jpg,../../Data/downloads/Roboflow/Data/downloads/roboflow_tracking/train/labels/chickens-1_mp4-29_jpg.rf.b798225e7770e46f3bb628f2475184ca.txt,chickens-1,train,train,6,6
../../Data/downloads/Roboflow/Data/downloads/roboflow_tracking/train/images/chickens-1_mp4-2_jpg.rf.4e82917452aa516310813311ea3fd503.jpg,../../Data/downloads/Roboflow/Data/downloads/roboflow_tracking/train/labels/chickens-1_mp4-2_jpg.rf.4e82917452aa516310813311ea3fd503.txt,chickens-1,train,train,3,3
../../Data/downloads/Roboflow/Data/downloads/roboflow_tracking/train/images/chickens-1_mp4-30_jpg.rf.026a6aa411b3292702208d84182a45f4.jpg,../../Data/downloads/Roboflow/Data/downloads/roboflow_tracking/train/labels/chickens-1_mp4-30_jpg.rf.026a6aa411b3292702208d84182a45f4.txt,chickens-1,train,train,6,6
../../Data/downloads/Roboflow/Data/downloads/roboflow_tracking/train/images/chickens-1_mp4-31_jpg.rf.b9ba41b06f5a91951c0fcfdfff01959f.jpg,../../Data/downloads/Roboflow/Data/downloads/roboflow_tracking/train/labels/chickens-1_mp4-31_jpg.rf.b9ba41b06f5a91951c0fcfdfff01959f.txt,chickens-1,train,train,6,6
../../Data/downloads/Roboflow/Data/downloads/roboflow_tracking/train/images/chickens-1_mp4-32_jpg.rf.6d805923c34a5c5830a2acc4a395faa3.jpg,../../Data/downloads/Roboflow/Data/downloads/roboflow_tracking/train/labels/chickens-1_mp4-32_jpg.rf.6d805923c34a5c5830a2acc4a395faa3.txt,chickens-1,train,train,6,6
../../Data/downloads/Roboflow/Data/downloads/roboflow_tracking/train/images/chickens-1_mp4-33_jpg.rf.09f248845fed89141c68e021cf7e0b4d.jpg,../../Data/downloads/Roboflow/Data/downloads/roboflow_tracking/train/labels/chickens-1_mp4-33_jpg.rf.09f248845fed89141c68e021cf7e0b4d.txt,chickens-1,train,train,6,6
../../Data/downloads/Roboflow/Data/downloads/roboflow_tracking/train/images/chickens-1_mp4-7_jpg.rf.811d193a0a13ef98cac133cffe458767.jpg,../../Data/downloads/Roboflow/Data/downloads/roboflow_tracking/train/labels/chickens-1_mp4-7_jpg.rf.811d193a0a13ef98cac133cffe458767.txt,chickens-1,train,train,5,5
../../Data/downloads/Roboflow/Data/downloads/roboflow_tracking/train/images/chickens-1_mp4-8_jpg.rf.467be9670cf6f6c2cc9ca5e3ff9ae39a.jpg,../../Data/downloads/Roboflow/Data/downloads/roboflow_tracking/train/labels/chickens-1_mp4-8_jpg.rf.467be9670cf6f6c2cc9ca5e3ff9ae39a.txt,chickens-1,train,train,5,5
../../Data/downloads/Roboflow/Data/downloads/roboflow_tracking/train/images/chickens-2_mp4-0_jpg.rf.2de3164f025e537d1765f012315e8ce1.jpg,../../Data/downloads/Roboflow/Data/downloads/roboflow_tracking/train/labels/chickens-2_mp4-0_jpg.rf.2de3164f025e537d1765f012315e8ce1.txt,chickens-2,train,train,4,4
../../Data/downloads/Roboflow/Data/downloads/roboflow_tracking/train/images/chickens-2_mp4-11_jpg.rf.d85215792405f07064c0a7f2ef1e90d7.jpg,../../Data/downloads/Roboflow/Data/downloads/roboflow_tracking/train/labels/chickens-2_mp4-11_jpg.rf.d85215792405f07064c0a7f2ef1e90d7.txt,chickens-2,train,train,4,4
../../Data/downloads/Roboflow/Data/downloads/roboflow_tracking/train/images/chickens-2_mp4-12_jpg.rf.a46651957e7f99669b98c582f3782227.jpg,../../Data/downloads/Roboflow/Data/downloads/roboflow_tracking/train/labels/chickens-2_mp4-12_jpg.rf.a46651957e7f99669b98c582f3782227.txt,chickens-2,train,train,4,4
../../Data/downloads/Roboflow/Data/downloads/roboflow_tracking/train/images/chickens-2_mp4-13_jpg.rf.e0a7d488fb7b8185dbda3020f0d1c3d7.jpg,../../Data/downloads/Roboflow/Data/downloads/roboflow_tracking/train/labels/chickens-2_mp4-13_jpg.rf.e0a7d488fb7b8185dbda3020f0d1c3d7.txt,chickens-2,train,train,5,5
../../Data/downloads/Roboflow/Data/downloads/roboflow_tracking/train/images/chickens-2_mp4-14_jpg.rf.b77b4cd94d8c3dc690d31d64bdba1954.jpg,../../Data/downloads/Roboflow/Data/downloads/roboflow_tracking/train/labels/chickens-2_mp4-14_jpg.rf.b77b4cd94d8c3dc690d31d64bdba1954.txt,chickens-2,train,train,4,4
../../Data/downloads/Roboflow/Data/downloads/roboflow_tracking/train/images/chickens-2_mp4-15_jpg.rf.1badfb521a78d74e8593f64c0bbc8283.jpg,../../Data/downloads/Roboflow/Data/downloads/roboflow_tracking/train/labels/chickens-2_mp4-15_jpg.rf.1badfb521a78d74e8593f64c0bbc8283.txt,chickens-2,train,train,5,5
../../Data/downloads/Roboflow/Data/downloads/roboflow_tracking/train/images/chickens-2_mp4-16_jpg.rf.37f3b9e75381401a5300c637723450a7.jpg,../../Data/downloads/Roboflow/Data/downloads/roboflow_tracking/train/labels/chickens-2_mp4-16_jpg.rf.37f3b9e75381401a5300c637723450a7.txt,chickens-2,train,train,5,5
../../Data/downloads/Roboflow/Data/downloads/roboflow_tracking/train/images/chickens-2_mp4-17_jpg.rf.c65dd209003cf7de4acafed66f883df4.jpg,../../Data/downloads/Roboflow/Data/downloads/roboflow_tracking/train/labels/chickens-2_mp4-17_jpg.rf.c65dd209003cf7de4acafed66f883df4.txt,chickens-2,train,train,6,6
../../Data/downloads/Roboflow/Data/downloads/roboflow_tracking/train/images/chickens-2_mp4-19_jpg.rf.0458649d5a8aaed162510f54b2f40fd4.jpg,../../Data/downloads/Roboflow/Data/downloads/roboflow_tracking/train/labels/chickens-2_mp4-19_jpg.rf.0458649d5a8aaed162510f54b2f40fd4.txt,chickens-2,train,train,5,5
../../Data/downloads/Roboflow/Data/downloads/roboflow_tracking/train/images/chickens-2_mp4-21_jpg.rf.635da7368fdf2f30958985b335f32e67.jpg,../../Data/downloads/Roboflow/Data/downloads/roboflow_tracking/train/labels/chickens-2_mp4-21_jpg.rf.635da7368fdf2f30958985b335f32e67.txt,chickens-2,train,train,5,5
../../Data/downloads/Roboflow/Data/downloads/roboflow_tracking/train/images/chickens-2_mp4-22_jpg.rf.91d5f3739e3b2e96a394408fc37ee20c.jpg,../../Data/downloads/Roboflow/Data/downloads/roboflow_tracking/train/labels/chickens-2_mp4-22_jpg.rf.91d5f3739e3b2e96a394408fc37ee20c.txt,chickens-2,train,train,5,5
../../Data/downloads/Roboflow/Data/downloads/roboflow_tracking/train/images/chickens-2_mp4-23_jpg.rf.830a72854516c587c35a344341f69288.jpg,../../Data/downloads/Roboflow/Data/downloads/roboflow_tracking/train/labels/chickens-2_mp4-23_jpg.rf.830a72854516c587c35a344341f69288.txt,chickens-2,train,train,5,5
../../Data/downloads/Roboflow/Data/downloads/roboflow_tracking/train/images/chickens-2_mp4-25_jpg.rf.a6cafc6f73e189fbd25c5ae2d85ab349.jpg,../../Data/downloads/Roboflow/Data/downloads/roboflow_tracking/train/labels/chickens-2_mp4-25_jpg.rf.a6cafc6f73e189fbd25c5ae2d85ab349.txt,chickens-2,train,train,3,3
../../Data/downloads/Roboflow/Data/downloads/roboflow_tracking/train/images/chickens-2_mp4-27_jpg.rf.eb85e9b085e6d62ec6f5ab7428490532.jpg,../../Data/downloads/Roboflow/Data/downloads/roboflow_tracking/train/labels/chickens-2_mp4-27_jpg.rf.eb85e9b085e6d62ec6f5ab7428490532.txt,chickens-2,train,train,3,3
../../Data/downloads/Roboflow/Data/downloads/roboflow_tracking/train/images/chickens-2_mp4-28_jpg.rf.a3e7475a26c2a22d82e8c5a972100408.jpg,../../Data/downloads/Roboflow/Data/downloads/roboflow_tracking/train/labels/chickens-2_mp4-28_jpg.rf.a3e7475a26c2a22d82e8c5a972100408.txt,chickens-2,train,train,4,4
../../Data/downloads/Roboflow/Data/downloads/roboflow_tracking/train/images/chickens-2_mp4-29_jpg.rf.da7928abd035dcac91c6e047bd88b1e1.jpg,../../Data/downloads/Roboflow/Data/downloads/roboflow_tracking/train/labels/chickens-2_mp4-29_jpg.rf.da7928abd035dcac91c6e047bd88b1e1.txt,chickens-2,train,train,4,4
../../Data/downloads/Roboflow/Data/downloads/roboflow_tracking/train/images/chickens-2_mp4-2_jpg.rf.06422cc124b99ddc07a6abfb056b13b6.jpg,../../Data/downloads/Roboflow/Data/downloads/roboflow_tracking/train/labels/chickens-2_mp4-2_jpg.rf.06422cc124b99ddc07a6abfb056b13b6.txt,chickens-2,train,train,5,5
../../Data/downloads/Roboflow/Data/downloads/roboflow_tracking/train/images/chickens-2_mp4-30_jpg.rf.0a55b9f0eee50b959e2ff8b9fced7e47.jpg,../../Data/downloads/Roboflow/Data/downloads/roboflow_tracking/train/labels/chickens-2_mp4-30_jpg.rf.0a55b9f0eee50b959e2ff8b9fced7e47.txt,chickens-2,train,train,4,4
../../Data/downloads/Roboflow/Data/downloads/roboflow_tracking/train/images/chickens-2_mp4-31_jpg.rf.b522dccc783965b63340e4ef547ba185.jpg,../../Data/downloads/Roboflow/Data/downloads/roboflow_tracking/train/labels/chickens-2_mp4-31_jpg.rf.b522dccc783965b63340e4ef547ba185.txt,chickens-2,train,train,5,5
../../Data/downloads/Roboflow/Data/downloads/roboflow_tracking/train/images/chickens-2_mp4-34_jpg.rf.0fc4f1717a98ee4eed8e261814aaf5e4.jpg,../../Data/downloads/Roboflow/Data/downloads/roboflow_tracking/train/labels/chickens-2_mp4-34_jpg.rf.0fc4f1717a98ee4eed8e261814aaf5e4.txt,chickens-2,train,train,5,5
../../Data/downloads/Roboflow/Data/downloads/roboflow_tracking/train/images/chickens-2_mp4-36_jpg.rf.f8c2cf9353b2f881a8b51238edb2915c.jpg,../../Data/downloads/Roboflow/Data/downloads/roboflow_tracking/train/labels/chickens-2_mp4-36_jpg.rf.f8c2cf9353b2f881a8b51238edb2915c.txt,chickens-2,train,train,5,5
../../Data/downloads/Roboflow/Data/downloads/roboflow_tracking/train/images/chickens-2_mp4-3_jpg.rf.e0585b2571ffe6f102c6a13883c6f72b.jpg,../../Data/downloads/Roboflow/Data/downloads/roboflow_tracking/train/labels/chickens-2_mp4-3_jpg.rf.e0585b2571ffe6f102c6a13883c6f72b.txt,chickens-2,train,train,4,4
../../Data/downloads/Roboflow/Data/downloads/roboflow_tracking/train/images/chickens-2_mp4-5_jpg.rf.0b739d78c1e5ed359b4746cae07b6057.jpg,../../Data/downloads/Roboflow/Data/downloads/roboflow_tracking/train/labels/chickens-2_mp4-5_jpg.rf.0b739d78c1e5ed359b4746cae07b6057.txt,chickens-2,train,train,5,5
../../Data/downloads/Roboflow/Data/downloads/roboflow_tracking/train/images/chickens-2_mp4-7_jpg.rf.c07db99e2d9de4e456c45026926bf44c.jpg,../../Data/downloads/Roboflow/Data/downloads/roboflow_tracking/train/labels/chickens-2_mp4-7_jpg.rf.c07db99e2d9de4e456c45026926bf44c.txt,chickens-2,train,train,5,5
../../Data/downloads/Roboflow/Data/downloads/roboflow_tracking/train/images/chickens-2_mp4-8_jpg.rf.30f542069fa10683fe270c7170cace10.jpg,../../Data/downloads/Roboflow/Data/downloads/roboflow_tracking/train/labels/chickens-2_mp4-8_jpg.rf.30f542069fa10683fe270c7170cace10.txt,chickens-2,train,train,4,4
../../Data/downloads/Roboflow/Data/downloads/roboflow_tracking/train/images/chickens-2_mp4-9_jpg.rf.19a6f2b8a890f221437a94e6d9ec2520.jpg,../../Data/downloads/Roboflow/Data/downloads/roboflow_tracking/train/labels/chickens-2_mp4-9_jpg.rf.19a6f2b8a890f221437a94e6d9ec2520.txt,chickens-2,train,train,4,4
../../Data/downloads/Roboflow/Data/downloads/roboflow_tracking/train/images/chickens-874507_1280_jpeg.rf.cfd7b88c18e055457f97324ad5f7b00d.jpg,../../Data/downloads/Roboflow/Data/downloads/roboflow_tracking/train/labels/chickens-874507_1280_jpeg.rf.cfd7b88c18e055457f97324ad5f7b00d.txt,chickens-874507,train,val,11,11
../../Data/downloads/Roboflow/Data/downloads/roboflow_tracking/train/images/coop_jpeg.rf.cc988cea72290e455fb2b2cc1ff96c0a.jpg,../../Data/downloads/Roboflow/Data/downloads/roboflow_tracking/train/labels/coop_jpeg.rf.cc988cea72290e455fb2b2cc1ff96c0a.txt,coop,train,train,0,0
../../Data/downloads/Roboflow/Data/downloads/roboflow_tracking/train/images/download--1-_jpeg.rf.175153eda585f4102f211d6a7b7312e7.jpg,../../Data/downloads/Roboflow/Data/downloads/roboflow_tracking/train/labels/download--1-_jpeg.rf.175153eda585f4102f211d6a7b7312e7.txt,download--1-,train,test,1,1
../../Data/downloads/Roboflow/Data/downloads/roboflow_tracking/train/images/download--2-_jpeg.rf.490e184f65d7f826ae184e4ab6e40739.jpg,../../Data/downloads/Roboflow/Data/downloads/roboflow_tracking/train/labels/download--2-_jpeg.rf.490e184f65d7f826ae184e4ab6e40739.txt,download--2-,train,train,2,2
../../Data/downloads/Roboflow/Data/downloads/roboflow_tracking/train/images/download_jpeg.rf.9978897feb2a65cfa0c44320d3f1e46c.jpg,../../Data/downloads/Roboflow/Data/downloads/roboflow_tracking/train/labels/download_jpeg.rf.9978897feb2a65cfa0c44320d3f1e46c.txt,download,train,val,0,0
../../Data/downloads/Roboflow/Data/downloads/roboflow_tracking/train/images/hahn-4482948_1280_jpeg.rf.769ab146e7762645a3c72877b19b1aee.jpg,../../Data/downloads/Roboflow/Data/downloads/roboflow_tracking/train/labels/hahn-4482948_1280_jpeg.rf.769ab146e7762645a3c72877b19b1aee.txt,hahn-4482948,train,val,1,1
../../Data/downloads/Roboflow/Data/downloads/roboflow_tracking/train/images/leaves1_jpeg.rf.cfcbb59587e68e71925a8d819ea0e422.jpg,../../Data/downloads/Roboflow/Data/downloads/roboflow_tracking/train/labels/leaves1_jpeg.rf.cfcbb59587e68e71925a8d819ea0e422.txt,leaves,train,test,0,0
../../Data/downloads/Roboflow/Data/downloads/roboflow_tracking/train/images/leaves2_jpeg.rf.9f48f0439d66b91ce7cbc3a5d2fc4dee.jpg,../../Data/downloads/Roboflow/Data/downloads/roboflow_tracking/train/labels/leaves2_jpeg.rf.9f48f0439d66b91ce7cbc3a5d2fc4dee.txt,leaves,train,test,0,0
../../Data/downloads/Roboflow/Data/downloads/roboflow_tracking/train/images/leaves3_jpeg.rf.ec4d98db47ef4998cef996ee004230dd.jpg,../../Data/downloads/Roboflow/Data/downloads/roboflow_tracking/train/labels/leaves3_jpeg.rf.ec4d98db47ef4998cef996ee004230dd.txt,leaves,train,test,0,0
../../Data/downloads/Roboflow/Data/downloads/roboflow_tracking/train/images/leaves4_jpeg.rf.9801c12f260a1121f8050e8d628aada9.jpg,../../Data/downloads/Roboflow/Data/downloads/roboflow_tracking/train/labels/leaves4_jpeg.rf.9801c12f260a1121f8050e8d628aada9.txt,leaves,train,test,0,0
../../Data/downloads/Roboflow/Data/downloads/roboflow_tracking/train/images/rooster-1284283_1280_jpeg.rf.72098e2bb3136f638e07a6788293dcda.jpg,../../Data/downloads/Roboflow/Data/downloads/roboflow_tracking/train/labels/rooster-1284283_1280_jpeg.rf.72098e2bb3136f638e07a6788293dcda.txt,rooster-1284283,train,train,1,1
../../Data/downloads/Roboflow/Data/downloads/roboflow_tracking/valid/images/A-chicken-crossing-the-road_mp4-11_jpg.rf.3c1617ef9a2a857472db5a1029fd4da0.jpg,../../Data/downloads/Roboflow/Data/downloads/roboflow_tracking/valid/labels/A-chicken-crossing-the-road_mp4-11_jpg.rf.3c1617ef9a2a857472db5a1029fd4da0.txt,A-chicken-crossing-the-road,valid,test,1,1
../../Data/downloads/Roboflow/Data/downloads/roboflow_tracking/valid/images/A-chicken-crossing-the-road_mp4-18_jpg.rf.2d264f5068bc33c1caf69929422fcf8f.jpg,../../Data/downloads/Roboflow/Data/downloads/roboflow_tracking/valid/labels/A-chicken-crossing-the-road_mp4-18_jpg.rf.2d264f5068bc33c1caf69929422fcf8f.txt,A-chicken-crossing-the-road,valid,test,1,1
../../Data/downloads/Roboflow/Data/downloads/roboflow_tracking/valid/images/A-chicken-crossing-the-road_mp4-1_jpg.rf.0c163e2d92341b0bd86c242a813cd03c.jpg,../../Data/downloads/Roboflow/Data/downloads/roboflow_tracking/valid/labels/A-chicken-crossing-the-road_mp4-1_jpg.rf.0c163e2d92341b0bd86c242a813cd03c.txt,A-chicken-crossing-the-road,valid,test,0,0
../../Data/downloads/Roboflow/Data/downloads/roboflow_tracking/valid/images/A-chicken-crossing-the-road_mp4-23_jpg.rf.b530d6e6da6a06e3ac9aa2a8b4654d37.jpg,../../Data/downloads/Roboflow/Data/downloads/roboflow_tracking/valid/labels/A-chicken-crossing-the-road_mp4-23_jpg.rf.b530d6e6da6a06e3ac9aa2a8b4654d37.txt,A-chicken-crossing-the-road,valid,test,1,1
../../Data/downloads/Roboflow/Data/downloads/roboflow_tracking/valid/images/A-chicken-crossing-the-road_mp4-33_jpg.rf.f68150627238956183a7247655486659.jpg,../../Data/downloads/Roboflow/Data/downloads/roboflow_tracking/valid/labels/A-chicken-crossing-the-road_mp4-33_jpg.rf.f68150627238956183a7247655486659.txt,A-chicken-crossing-the-road,valid,test,1,1
../../Data/downloads/Roboflow/Data/downloads/roboflow_tracking/valid/images/A-chicken-crossing-the-road_mp4-35_jpg.rf.af67ed76491945090a9d2cc5bff5c4f5.jpg,../../Data/downloads/Roboflow/Data/downloads/roboflow_tracking/valid/labels/A-chicken-crossing-the-road_mp4-35_jpg.rf.af67ed76491945090a9d2cc5bff5c4f5.txt,A-chicken-crossing-the-road,valid,test,1,1
../../Data/downloads/Roboflow/Data/downloads/roboflow_tracking/valid/images/A-chicken-crossing-the-road_mp4-41_jpg.rf.86f08950e6f71edddd607aa117db1eb3.jpg,../../Data/downloads/Roboflow/Data/downloads/roboflow_tracking/valid/labels/A-chicken-crossing-the-road_mp4-41_jpg.rf.86f08950e6f71edddd607aa117db1eb3.txt,A-chicken-crossing-the-road,valid,test,1,1
../../Data/downloads/Roboflow/Data/downloads/roboflow_tracking/valid/images/A-chicken-crossing-the-road_mp4-43_jpg.rf.2c85d04eaba04f4300bcd71417ad21ab.jpg,../../Data/downloads/Roboflow/Data/downloads/roboflow_tracking/valid/labels/A-chicken-crossing-the-road_mp4-43_jpg.rf.2c85d04eaba04f4300bcd71417ad21ab.txt,A-chicken-crossing-the-road,valid,test,1,1
../../Data/downloads/Roboflow/Data/downloads/roboflow_tracking/valid/images/A-chicken-crossing-the-road_mp4-47_jpg.rf.76d64d79f327ced488ff3a3ae82720c8.jpg,../../Data/downloads/Roboflow/Data/downloads/roboflow_tracking/valid/labels/A-chicken-crossing-the-road_mp4-47_jpg.rf.76d64d79f327ced488ff3a3ae82720c8.txt,A-chicken-crossing-the-road,valid,test,1,1
../../Data/downloads/Roboflow/Data/downloads/roboflow_tracking/valid/images/A-chicken-crossing-the-road_mp4-49_jpg.rf.fd76b681df4b31287ec22f38c7923ac1.jpg,../../Data/downloads/Roboflow/Data/downloads/roboflow_tracking/valid/labels/A-chicken-crossing-the-road_mp4-49_jpg.rf.fd76b681df4b31287ec22f38c7923ac1.txt,A-chicken-crossing-the-road,valid,test,1,1
../../Data/downloads/Roboflow/Data/downloads/roboflow_tracking/valid/images/A-chicken-crossing-the-road_mp4-54_jpg.rf.daec1a3b047c79e74277ee589bc56efe.jpg,../../Data/downloads/Roboflow/Data/downloads/roboflow_tracking/valid/labels/A-chicken-crossing-the-road_mp4-54_jpg.rf.daec1a3b047c79e74277ee589bc56efe.txt,A-chicken-crossing-the-road,valid,test,1,1
../../Data/downloads/Roboflow/Data/downloads/roboflow_tracking/valid/images/A-chicken-crossing-the-road_mp4-86_jpg.rf.06b3133e95db859359d81d9dd1588a97.jpg,../../Data/downloads/Roboflow/Data/downloads/roboflow_tracking/valid/labels/A-chicken-crossing-the-road_mp4-86_jpg.rf.06b3133e95db859359d81d9dd1588a97.txt,A-chicken-crossing-the-road,valid,test,1,1
../../Data/downloads/Roboflow/Data/downloads/roboflow_tracking/valid/images/A-chicken-crossing-the-road_mp4-87_jpg.rf.ff924d14192058015645ff2aa7f408f5.jpg,../../Data/downloads/Roboflow/Data/downloads/roboflow_tracking/valid/labels/A-chicken-crossing-the-road_mp4-87_jpg.rf.ff924d14192058015645ff2aa7f408f5.txt,A-chicken-crossing-the-road,valid,test,1,1
../../Data/downloads/Roboflow/Data/downloads/roboflow_tracking/valid/images/A-chicken-crossing-the-road_mp4-88_jpg.rf.65b439ca616bc5b5cc2ce16f59ee2077.jpg,../../Data/downloads/Roboflow/Data/downloads/roboflow_tracking/valid/labels/A-chicken-crossing-the-road_mp4-88_jpg.rf.65b439ca616bc5b5cc2ce16f59ee2077.txt,A-chicken-crossing-the-road,valid,test,1,1
../../Data/downloads/Roboflow/Data/downloads/roboflow_tracking/valid/images/A-chicken-crossing-the-road_mp4-89_jpg.rf.8b14b729aa148a787ce509fdc5e73015.jpg,../../Data/downloads/Roboflow/Data/downloads/roboflow_tracking/valid/labels/A-chicken-crossing-the-road_mp4-89_jpg.rf.8b14b729aa148a787ce509fdc5e73015.txt,A-chicken-crossing-the-road,valid,test,1,1
../../Data/downloads/Roboflow/Data/downloads/roboflow_tracking/valid/images/A-chicken-crossing-the-road_mp4-90_jpg.rf.f33b7fe895978b28ede3708e2a9eeb90.jpg,../../Data/downloads/Roboflow/Data/downloads/roboflow_tracking/valid/labels/A-chicken-crossing-the-road_mp4-90_jpg.rf.f33b7fe895978b28ede3708e2a9eeb90.txt,A-chicken-crossing-the-road,valid,test,1,1
../../Data/downloads/Roboflow/Data/downloads/roboflow_tracking/valid/images/A-chicken-crossing-the-road_mp4-91_jpg.rf.46b9a15fb7b93b408089b3680ecc5da5.jpg,../../Data/downloads/Roboflow/Data/downloads/roboflow_tracking/valid/labels/A-chicken-crossing-the-road_mp4-91_jpg.rf.46b9a15fb7b93b408089b3680ecc5da5.txt,A-chicken-crossing-the-road,valid,test,1,1
../../Data/downloads/Roboflow/Data/downloads/roboflow_tracking/valid/images/A-chicken-crossing-the-road_mp4-92_jpg.rf.4a49dfc922ae8c4beb45fa14d871e279.jpg,../../Data/downloads/Roboflow/Data/downloads/roboflow_tracking/valid/labels/A-chicken-crossing-the-road_mp4-92_jpg.rf.4a49dfc922ae8c4beb45fa14d871e279.txt,A-chicken-crossing-the-road,valid,test,1,1
../../Data/downloads/Roboflow/Data/downloads/roboflow_tracking/valid/images/A-chicken-crossing-the-road_mp4-93_jpg.rf.aadd54f6997260495b6716a8e75f19a4.jpg,../../Data/downloads/Roboflow/Data/downloads/roboflow_tracking/valid/labels/A-chicken-crossing-the-road_mp4-93_jpg.rf.aadd54f6997260495b6716a8e75f19a4.txt,A-chicken-crossing-the-road,valid,test,1,1
../../Data/downloads/Roboflow/Data/downloads/roboflow_tracking/valid/images/A-chicken-crossing-the-road_mp4-94_jpg.rf.85cb240b0a842d039e7160f74e76e8ed.jpg,../../Data/downloads/Roboflow/Data/downloads/roboflow_tracking/valid/labels/A-chicken-crossing-the-road_mp4-94_jpg.rf.85cb240b0a842d039e7160f74e76e8ed.txt,A-chicken-crossing-the-road,valid,test,1,1
../../Data/downloads/Roboflow/Data/downloads/roboflow_tracking/valid/images/A-chicken-crossing-the-road_mp4-95_jpg.rf.625f853569983ee338c196bb9b9af63c.jpg,../../Data/downloads/Roboflow/Data/downloads/roboflow_tracking/valid/labels/A-chicken-crossing-the-road_mp4-95_jpg.rf.625f853569983ee338c196bb9b9af63c.txt,A-chicken-crossing-the-road,valid,test,1,1
../../Data/downloads/Roboflow/Data/downloads/roboflow_tracking/valid/images/A-chicken-crossing-the-road_mp4-96_jpg.rf.be7386a7abad5aed555dbd94a063e77b.jpg,../../Data/downloads/Roboflow/Data/downloads/roboflow_tracking/valid/labels/A-chicken-crossing-the-road_mp4-96_jpg.rf.be7386a7abad5aed555dbd94a063e77b.txt,A-chicken-crossing-the-road,valid,test,1,1
../../Data/downloads/Roboflow/Data/downloads/roboflow_tracking/valid/images/A-chicken-crossing-the-road_mp4-97_jpg.rf.14cf6d1443f1e13b7988a46afc861108.jpg,../../Data/downloads/Roboflow/Data/downloads/roboflow_tracking/valid/labels/A-chicken-crossing-the-road_mp4-97_jpg.rf.14cf6d1443f1e13b7988a46afc861108.txt,A-chicken-crossing-the-road,valid,test,1,1
../../Data/downloads/Roboflow/Data/downloads/roboflow_tracking/valid/images/A-chicken-crossing-the-road_mp4-98_jpg.rf.eba12282753f835678f0a8b669a4c682.jpg,../../Data/downloads/Roboflow/Data/downloads/roboflow_tracking/valid/labels/A-chicken-crossing-the-road_mp4-98_jpg.rf.eba12282753f835678f0a8b669a4c682.txt,A-chicken-crossing-the-road,valid,test,1,1
../../Data/downloads/Roboflow/Data/downloads/roboflow_tracking/valid/images/chickens-1_mp4-13_jpg.rf.f8942961cebbab2d22ea90bbb6190350.jpg,../../Data/downloads/Roboflow/Data/downloads/roboflow_tracking/valid/labels/chickens-1_mp4-13_jpg.rf.f8942961cebbab2d22ea90bbb6190350.txt,chickens-1,valid,train,5,5
../../Data/downloads/Roboflow/Data/downloads/roboflow_tracking/valid/images/chickens-1_mp4-28_jpg.rf.de29502668f52b1bf7dfee4fda3298ca.jpg,../../Data/downloads/Roboflow/Data/downloads/roboflow_tracking/valid/labels/chickens-1_mp4-28_jpg.rf.de29502668f52b1bf7dfee4fda3298ca.txt,chickens-1,valid,train,6,6
../../Data/downloads/Roboflow/Data/downloads/roboflow_tracking/valid/images/chickens-1_mp4-3_jpg.rf.d6515f19457c156b94f1f98a1889dccc.jpg,../../Data/downloads/Roboflow/Data/downloads/roboflow_tracking/valid/labels/chickens-1_mp4-3_jpg.rf.d6515f19457c156b94f1f98a1889dccc.txt,chickens-1,valid,train,5,5
../../Data/downloads/Roboflow/Data/downloads/roboflow_tracking/valid/images/chickens-1_mp4-5_jpg.rf.90fe78878b07a3c47fdc15080aa31b0e.jpg,../../Data/downloads/Roboflow/Data/downloads/roboflow_tracking/valid/labels/chickens-1_mp4-5_jpg.rf.90fe78878b07a3c47fdc15080aa31b0e.txt,chickens-1,valid,train,5,5
../../Data/downloads/Roboflow/Data/downloads/roboflow_tracking/valid/images/chickens-1_mp4-6_jpg.rf.b1fbfe207f734914f4180aefebe1ebcc.jpg,../../Data/downloads/Roboflow/Data/downloads/roboflow_tracking/valid/labels/chickens-1_mp4-6_jpg.rf.b1fbfe207f734914f4180aefebe1ebcc.txt,chickens-1,valid,train,5,5
../../Data/downloads/Roboflow/Data/downloads/roboflow_tracking/valid/images/chickens-1_mp4-9_jpg.rf.1934fe38754bd9cfd491b3302859bcc5.jpg,../../Data/downloads/Roboflow/Data/downloads/roboflow_tracking/valid/labels/chickens-1_mp4-9_jpg.rf.1934fe38754bd9cfd491b3302859bcc5.txt,chickens-1,valid,train,5,5
../../Data/downloads/Roboflow/Data/downloads/roboflow_tracking/valid/images/chickens-2_mp4-1_jpg.rf.cdab553f2cc36bf750080b591602b7a6.jpg,../../Data/downloads/Roboflow/Data/downloads/roboflow_tracking/valid/labels/chickens-2_mp4-1_jpg.rf.cdab553f2cc36bf750080b591602b7a6.txt,chickens-2,valid,train,5,5
../../Data/downloads/Roboflow/Data/downloads/roboflow_tracking/valid/images/chickens-2_mp4-24_jpg.rf.b34fafa1d894b9fca2091bcb5555426e.jpg,../../Data/downloads/Roboflow/Data/downloads/roboflow_tracking/valid/labels/chickens-2_mp4-24_jpg.rf.b34fafa1d894b9fca2091bcb5555426e.txt,chickens-2,valid,train,5,5
../../Data/downloads/Roboflow/Data/downloads/roboflow_tracking/valid/images/chickens-2_mp4-26_jpg.rf.0ac74100e341878f6e33c59837df0b42.jpg,../../Data/downloads/Roboflow/Data/downloads/roboflow_tracking/valid/labels/chickens-2_mp4-26_jpg.rf.0ac74100e341878f6e33c59837df0b42.txt,chickens-2,valid,train,3,3
../../Data/downloads/Roboflow/Data/downloads/roboflow_tracking/valid/images/chickens-2_mp4-32_jpg.rf.95125b152aa2ac2dd316185b23b73e1c.jpg,../../Data/downloads/Roboflow/Data/downloads/roboflow_tracking/valid/labels/chickens-2_mp4-32_jpg.rf.95125b152aa2ac2dd316185b23b73e1c.txt,chickens-2,valid,train,5,5
../../Data/downloads/Roboflow/Data/downloads/roboflow_tracking/valid/images/chickens-2_mp4-33_jpg.rf.77471e7b106595fd83054a155ff699eb.jpg,../../Data/downloads/Roboflow/Data/downloads/roboflow_tracking/valid/labels/chickens-2_mp4-33_jpg.rf.77471e7b106595fd83054a155ff699eb.txt,chickens-2,valid,train,4,4
../../Data/downloads/Roboflow/Data/downloads/roboflow_tracking/valid/images/chickens-2_mp4-35_jpg.rf.58256e7a2a8f9f5a63e16a7d90206149.jpg,../../Data/downloads/Roboflow/Data/downloads/roboflow_tracking/valid/labels/chickens-2_mp4-35_jpg.rf.58256e7a2a8f9f5a63e16a7d90206149.txt,chickens-2,valid,train,5,5
../../Data/downloads/Roboflow/Data/downloads/roboflow_tracking/valid/images/chickens-2_mp4-4_jpg.rf.0dc4d27f18e5d4c3c9c60c51f47110e3.jpg,../../Data/downloads/Roboflow/Data/downloads/roboflow_tracking/valid/labels/chickens-2_mp4-4_jpg.rf.0dc4d27f18e5d4c3c9c60c51f47110e3.txt,chickens-2,valid,train,4,4
../../Data/downloads/Roboflow/Data/downloads/roboflow_tracking/valid/images/chickens-2_mp4-6_jpg.rf.1230bcb3e951635a70a3fae02da8a020.jpg,../../Data/downloads/Roboflow/Data/downloads/roboflow_tracking/valid/labels/chickens-2_mp4-6_jpg.rf.1230bcb3e951635a70a3fae02da8a020.txt,chickens-2,valid,train,4,4
../../Data/downloads/Roboflow/Data/downloads/roboflow_tracking/test/images/A-chicken-crossing-the-road_mp4-2_jpg.rf.c33ea37e0079168d8c1de341a689d743.jpg,../../Data/downloads/Roboflow/Data/downloads/roboflow_tracking/test/labels/A-chicken-crossing-the-road_mp4-2_jpg.rf.c33ea37e0079168d8c1de341a689d743.txt,A-chicken-crossing-the-road,test,test,0,0
../../Data/downloads/Roboflow/Data/downloads/roboflow_tracking/test/images/A-chicken-crossing-the-road_mp4-77_jpg.rf.c0e711db3f133c05342db2e1ddcab882.jpg,../../Data/downloads/Roboflow/Data/downloads/roboflow_tracking/test/labels/A-chicken-crossing-the-road_mp4-77_jpg.rf.c0e711db3f133c05342db2e1ddcab882.txt,A-chicken-crossing-the-road,test,test,1,1
../../Data/downloads/Roboflow/Data/downloads/roboflow_tracking/test/images/A-chicken-crossing-the-road_mp4-78_jpg.rf.f0899f5b162fac949119092ef7ca27ce.jpg,../../Data/downloads/Roboflow/Data/downloads/roboflow_tracking/test/labels/A-chicken-crossing-the-road_mp4-78_jpg.rf.f0899f5b162fac949119092ef7ca27ce.txt,A-chicken-crossing-the-road,test,test,1,1
../../Data/downloads/Roboflow/Data/downloads/roboflow_tracking/test/images/A-chicken-crossing-the-road_mp4-79_jpg.rf.72ef8518a8c34da8bc0d0123b6af3b5c.jpg,../../Data/downloads/Roboflow/Data/downloads/roboflow_tracking/test/labels/A-chicken-crossing-the-road_mp4-79_jpg.rf.72ef8518a8c34da8bc0d0123b6af3b5c.txt,A-chicken-crossing-the-road,test,test,1,1
../../Data/downloads/Roboflow/Data/downloads/roboflow_tracking/test/images/A-chicken-crossing-the-road_mp4-80_jpg.rf.426a49a283a29986b2ce3c71dea8fee1.jpg,../../Data/downloads/Roboflow/Data/downloads/roboflow_tracking/test/labels/A-chicken-crossing-the-road_mp4-80_jpg.rf.426a49a283a29986b2ce3c71dea8fee1.txt,A-chicken-crossing-the-road,test,test,1,1
../../Data/downloads/Roboflow/Data/downloads/roboflow_tracking/test/images/A-chicken-crossing-the-road_mp4-81_jpg.rf.1d08a259582b94811233d51d2efd83b0.jpg,../../Data/downloads/Roboflow/Data/downloads/roboflow_tracking/test/labels/A-chicken-crossing-the-road_mp4-81_jpg.rf.1d08a259582b94811233d51d2efd83b0.txt,A-chicken-crossing-the-road,test,test,1,1
../../Data/downloads/Roboflow/Data/downloads/roboflow_tracking/test/images/A-chicken-crossing-the-road_mp4-82_jpg.rf.3fdf85c29cbc5feea24f216afbe49a89.jpg,../../Data/downloads/Roboflow/Data/downloads/roboflow_tracking/test/labels/A-chicken-crossing-the-road_mp4-82_jpg.rf.3fdf85c29cbc5feea24f216afbe49a89.txt,A-chicken-crossing-the-road,test,test,1,1
../../Data/downloads/Roboflow/Data/downloads/roboflow_tracking/test/images/A-chicken-crossing-the-road_mp4-83_jpg.rf.ec1c78eb61cd3c782a503986f4bf9368.jpg,../../Data/downloads/Roboflow/Data/downloads/roboflow_tracking/test/labels/A-chicken-crossing-the-road_mp4-83_jpg.rf.ec1c78eb61cd3c782a503986f4bf9368.txt,A-chicken-crossing-the-road,test,test,1,1
../../Data/downloads/Roboflow/Data/downloads/roboflow_tracking/test/images/A-chicken-crossing-the-road_mp4-84_jpg.rf.22d05a38c99d8f513b6336f952304a2b.jpg,../../Data/downloads/Roboflow/Data/downloads/roboflow_tracking/test/labels/A-chicken-crossing-the-road_mp4-84_jpg.rf.22d05a38c99d8f513b6336f952304a2b.txt,A-chicken-crossing-the-road,test,test,1,1
../../Data/downloads/Roboflow/Data/downloads/roboflow_tracking/test/images/A-chicken-crossing-the-road_mp4-85_jpg.rf.b6f1f99d97d3cb5d7bb5a50f140dab66.jpg,../../Data/downloads/Roboflow/Data/downloads/roboflow_tracking/test/labels/A-chicken-crossing-the-road_mp4-85_jpg.rf.b6f1f99d97d3cb5d7bb5a50f140dab66.txt,A-chicken-crossing-the-road,test,test,1,1
../../Data/downloads/Roboflow/Data/downloads/roboflow_tracking/test/images/A-chicken-crossing-the-road_mp4-8_jpg.rf.3880e27410003e12d79d99a46bd0ed3c.jpg,../../Data/downloads/Roboflow/Data/downloads/roboflow_tracking/test/labels/A-chicken-crossing-the-road_mp4-8_jpg.rf.3880e27410003e12d79d99a46bd0ed3c.txt,A-chicken-crossing-the-road,test,test,0,0
../../Data/downloads/Roboflow/Data/downloads/roboflow_tracking/test/images/chickens-1_mp4-12_jpg.rf.49aa64683541d471c0bc02b570cb4d06.jpg,../../Data/downloads/Roboflow/Data/downloads/roboflow_tracking/test/labels/chickens-1_mp4-12_jpg.rf.49aa64683541d471c0bc02b570cb4d06.txt,chickens-1,test,train,5,5
../../Data/downloads/Roboflow/Data/downloads/roboflow_tracking/test/images/chickens-1_mp4-18_jpg.rf.f8895b27af2cd7e81316961bba1fbd01.jpg,../../Data/downloads/Roboflow/Data/downloads/roboflow_tracking/test/labels/chickens-1_mp4-18_jpg.rf.f8895b27af2cd7e81316961bba1fbd01.txt,chickens-1,test,train,5,5
../../Data/downloads/Roboflow/Data/downloads/roboflow_tracking/test/images/chickens-1_mp4-1_jpg.rf.a8baebac51274ede25b1dc0cb9d6db44.jpg,../../Data/downloads/Roboflow/Data/downloads/roboflow_tracking/test/labels/chickens-1_mp4-1_jpg.rf.a8baebac51274ede25b1dc0cb9d6db44.txt,chickens-1,test,train,3,3
../../Data/downloads/Roboflow/Data/downloads/roboflow_tracking/test/images/chickens-1_mp4-4_jpg.rf.d0b5738ab9c091ec968619fa8790e2e2.jpg,../../Data/downloads/Roboflow/Data/downloads/roboflow_tracking/test/labels/chickens-1_mp4-4_jpg.rf.d0b5738ab9c091ec968619fa8790e2e2.txt,chickens-1,test,train,5,5
../../Data/downloads/Roboflow/Data/downloads/roboflow_tracking/test/images/chickens-2522623_1280_jpeg.rf.09f700fb8d73f76690154261bfc4d0a3.jpg,../../Data/downloads/Roboflow/Data/downloads/roboflow_tracking/test/labels/chickens-2522623_1280_jpeg.rf.09f700fb8d73f76690154261bfc4d0a3.txt,chickens-2522623,test,train,5,5
../../Data/downloads/Roboflow/Data/downloads/roboflow_tracking/test/images/chickens-2_mp4-10_jpg.rf.55178a6dfdafb244b28fb374d8e50de3.jpg,../../Data/downloads/Roboflow/Data/downloads/roboflow_tracking/test/labels/chickens-2_mp4-10_jpg.rf.55178a6dfdafb244b28fb374d8e50de3.txt,chickens-2,test,train,5,5
../../Data/downloads/Roboflow/Data/downloads/roboflow_tracking/test/images/chickens-2_mp4-18_jpg.rf.b135d630b55f5de09b6ef5e94320eec0.jpg,../../Data/downloads/Roboflow/Data/downloads/roboflow_tracking/test/labels/chickens-2_mp4-18_jpg.rf.b135d630b55f5de09b6ef5e94320eec0.txt,chickens-2,test,train,4,4
../../Data/downloads/Roboflow/Data/downloads/roboflow_tracking/test/images/chickens-2_mp4-20_jpg.rf.007ce3124ebf7d357d620bd7ea58539f.jpg,../../Data/downloads/Roboflow/Data/downloads/roboflow_tracking/test/labels/chickens-2_mp4-20_jpg.rf.007ce3124ebf7d357d620bd7ea58539f.txt,chickens-2,test,train,5,5
